area_sqft,bedrooms,age_years,distance_city_km,price_lakh
849.0,5.0,33.0,17.6,66.5
2068.0,4.0,18.0,1.6,120.2
1352.0,3.0,30.0,9.6,96.7
655.0,3.0,36.0,5.2,51.2
1062.0,1.0,32.0,24.0,58.4
1911.0,3.0,4.0,20.7,103.1
2520.0,2.0,35.0,1.1,108.3
2560.0,4.0,27.0,6.2,154.3
1427.0,2.0,14.0,23.2,72.0
1911.0,5.0,10.0,21.1,119.1
2332.0,4.0,22.0,19.8,120.0
2178.0,1.0,,8.3,101.7
694.0,4.0,10.0,12.3,72.6
1172.0,3.0,35.0,22.7,65.9
2491.0,2.0,1.0,9.6,127.8
2995.0,2.0,9.0,20.2,143.1
702.0,3.0,30.0,24.9,43.4
628.0,3.0,32.0,9.9,45.9
1118.0,1.0,,2.5,62.8
1569.0,2.0,14.0,11.2,84.5
1229.0,4.0,23.0,8.5,84.7
1804.0,1.0,24.0,10.5,76.6
849.0,1.0,32.0,20.0,57.8
2117.0,4.0,32.0,1.3,112.5
1636.0,3.0,16.0,7.2,112.6
2257.0,3.0,23.0,3.0,149.6
1854.0,3.0,39.0,1.1,114.2
2560.0,4.0,18.0,8.6,146.1
682.0,2.0,11.0,1.7,63.0
521.0,5.0,5.0,21.6,71.0
687.0,5.0,16.0,8.0,69.3
1644.0,5.0,39.0,17.4,100.6
2731.0,2.0,1.0,2.2,147.3
610.0,3.0,11.0,21.4,58.9
2522.0,2.0,32.0,8.7,130.4
510.0,2.0,15.0,6.9,70.9
748.0,2.0,26.0,10.7,42.1
1183.0,1.0,5.0,4.8,68.3
2425.0,1.0,21.0,,108.9
2641.0,2.0,1.0,15.8,117.2
2578.0,4.0,,5.9,135.0
2246.0,3.0,12.0,22.9,109.7
518.0,3.0,14.0,20.4,46.8
2308.0,4.0,39.0,11.0,132.3
2931.0,4.0,10.0,9.7,168.2
2587.0,3.0,8.0,3.1,134.0
2395.0,1.0,27.0,11.9,100.9
840.0,2.0,16.0,22.1,61.3
2260.0,3.0,6.0,14.8,132.4
2304.0,3.0,14.0,2.2,143.6
2514.0,3.0,0.0,12.7,147.0
2263.0,5.0,14.0,18.5,115.4
1463.0,3.0,22.0,8.3,93.7
2000.0,1.0,38.0,6.0,82.4
2794.0,4.0,0.0,22.1,131.5
517.0,4.0,9.0,17.9,66.8
815.0,2.0,24.0,17.0,50.0
1736.0,3.0,23.0,2.6,118.3
1543.0,4.0,24.0,15.9,112.7
1110.0,2.0,36.0,1.1,76.1
2165.0,3.0,12.0,16.0,131.6
2676.0,2.0,10.0,15.5,129.7
1322.0,5.0,32.0,8.1,102.6
2613.0,3.0,19.0,10.2,138.6
1656.0,2.0,39.0,12.7,82.3
500.0,3.0,31.0,17.0,28.4
517.0,3.0,2.0,22.6,55.7
1402.0,2.0,19.0,1.4,85.7
2436.0,3.0,3.0,6.8,130.9
1940.0,5.0,24.0,13.6,113.1
1479.0,2.0,30.0,15.0,87.3
1391.0,5.0,11.0,14.8,110.1
607.0,1.0,19.0,4.3,45.3
2159.0,5.0,35.0,18.4,122.6
2482.0,1.0,25.0,15.9,115.0
-500.0,3.0,29.0,9.1,158.2
1938.0,1.0,21.0,22.9,80.5
1672.0,4.0,25.0,3.4,96.7
545.0,1.0,0.0,11.6,33.7
2684.0,2.0,25.0,17.1,134.6
1543.0,4.0,14.0,15.8,118.5
1706.0,3.0,8.0,10.5,100.5
860.0,1.0,4.0,12.6,48.3
710.0,3.0,0.0,4.7,76.3
2851.0,2.0,12.0,21.8,137.3
861.0,4.0,18.0,20.5,60.6
2838.0,1.0,22.0,12.6,152.6
2543.0,2.0,4.0,14.8,141.1
1190.0,4.0,9.0,2.8,83.6
2246.0,4.0,12.0,21.3,131.0
1282.0,5.0,27.0,15.0,90.6
794.0,1.0,25.0,13.2,52.4
2005.0,2.0,8.0,7.3,86.0
1483.0,4.0,34.0,15.9,82.0
1468.0,2.0,21.0,11.7,85.2
1997.0,1.0,0.0,6.3,103.1
845.0,5.0,8.0,20.0,99.7
2418.0,5.0,1.0,16.5,140.8
1714.0,4.0,14.0,5.6,83.8
2774.0,2.0,39.0,17.0,138.2
1612.0,4.0,31.0,6.2,103.0
782.0,3.0,3.0,5.9,65.3
2337.0,2.0,18.0,4.6,125.4
740.0,2.0,22.0,18.0,64.4
1656.0,5.0,20.0,9.0,130.2
1568.0,3.0,6.0,10.3,111.1
2620.0,5.0,15.0,15.7,154.4
970.0,1.0,6.0,23.7,49.8
1248.0,1.0,7.0,4.8,87.2
1585.0,4.0,39.0,12.9,90.4
2936.0,3.0,13.0,23.4,149.5
550.0,5.0,11.0,22.8,83.0
1582.0,3.0,33.0,14.7,92.2
805.0,3.0,12.0,22.7,44.3
2709.0,2.0,5.0,11.7,138.8
1595.0,1.0,4.0,19.8,87.9
2222.0,4.0,40.0,6.2,119.0
749.0,2.0,30.0,1.3,60.5
1013.0,1.0,34.0,14.8,54.5
1232.0,4.0,20.0,12.2,105.4
1888.0,4.0,11.0,21.0,107.8
1939.0,4.0,32.0,8.3,122.7
1693.0,5.0,35.0,5.8,82.7
2080.0,4.0,30.0,5.5,129.1
2884.0,4.0,34.0,22.6,138.7
1655.0,1.0,35.0,13.6,87.9
1380.0,5.0,20.0,18.0,67.5
1905.0,5.0,,24.5,123.6
1630.0,4.0,34.0,22.7,94.4
2645.0,3.0,16.0,9.7,138.0
,5.0,15.0,13.0,123.7
2937.0,3.0,24.0,18.1,158.4
1220.0,5.0,10.0,13.2,92.6
1060.0,1.0,20.0,11.5,58.4
1483.0,5.0,38.0,3.5,99.7
2945.0,4.0,28.0,9.1,152.8
1415.0,2.0,30.0,,82.9
1432.0,2.0,31.0,17.6,71.2
2085.0,5.0,19.0,4.8,111.3
2230.0,5.0,6.0,5.4,149.6
1377.0,2.0,27.0,22.6,96.7
1439.0,2.0,26.0,9.2,80.0
2779.0,,5.0,15.2,168.6
2443.0,1.0,7.0,19.7,93.0
810.0,2.0,25.0,10.4,44.8
2330.0,1.0,3.0,22.5,111.0
2783.0,1.0,8.0,4.1,138.2
604.0,2.0,29.0,18.2,50.6
1691.0,4.0,20.0,9.9,128.0
2929.0,1.0,1.0,3.3,130.1
2736.0,1.0,4.0,5.7,128.2
2215.0,2.0,24.0,2.4,137.8
2155.0,1.0,5.0,19.1,114.0
980.0,2.0,27.0,18.6,64.8
541.0,4.0,34.0,18.1,73.5
2081.0,1.0,33.0,22.2,82.1
2666.0,4.0,25.0,18.7,137.4
1075.0,4.0,22.0,23.5,89.2
2791.0,2.0,13.0,21.1,130.6
1590.0,4.0,9.0,11.9,101.7
2610.0,1.0,38.0,6.5,97.0
1839.0,2.0,2.0,4.0,115.7
1592.0,5.0,37.0,21.0,106.3
2460.0,2.0,23.0,20.7,116.0
832.0,3.0,40.0,6.2,57.7
2390.0,2.0,37.0,9.3,109.4
1432.0,1.0,35.0,25.0,76.5
685.0,2.0,1.0,8.6,76.4
1300.0,3.0,27.0,9.7,92.0
1543.0,5.0,11.0,24.5,95.1
2781.0,3.0,37.0,3.9,152.5
1643.0,3.0,31.0,3.5,102.6
,4.0,12.0,18.0,135.5
2754.0,2.0,20.0,1.5,155.7
1983.0,1.0,28.0,1.9,84.1
783.0,4.0,24.0,15.1,77.4
1631.0,2.0,20.0,13.3,94.8
2085.0,4.0,29.0,6.5,108.2
2727.0,3.0,30.0,4.4,144.7
1995.0,5.0,17.0,19.1,128.0
2081.0,1.0,9.0,1.5,111.1
1899.0,4.0,0.0,7.2,132.5
1279.0,5.0,6.0,4.2,112.0
1294.0,4.0,24.0,21.4,95.0
1967.0,5.0,30.0,18.6,118.5
1051.0,3.0,35.0,17.0,54.0
2092.0,2.0,16.0,5.1,110.5
2936.0,5.0,5.0,12.0,158.3
1594.0,5.0,,3.3,122.6
2115.0,4.0,30.0,16.4,133.7
2695.0,5.0,22.0,14.9,163.6
2645.0,2.0,31.0,19.3,113.0
775.0,3.0,20.0,16.6,41.6
2057.0,1.0,17.0,6.3,116.0
888.0,1.0,15.0,8.6,24.4
1985.0,3.0,30.0,10.2,107.3
1082.0,4.0,16.0,4.2,83.0
2429.0,3.0,29.0,14.7,108.9
2080.0,5.0,8.0,17.0,143.6
2895.0,5.0,13.0,8.1,144.7
1281.0,2.0,34.0,19.1,73.1
2909.0,2.0,9.0,11.2,119.6
2085.0,1.0,20.0,7.2,105.1
2342.0,4.0,27.0,21.6,110.7
652.0,1.0,23.0,23.7,50.9
2897.0,3.0,7.0,2.8,155.7
2824.0,2.0,23.0,19.5,122.9
551.0,4.0,12.0,21.8,67.4
1823.0,2.0,39.0,11.8,71.5
2007.0,1.0,30.0,,98.9
1672.0,5.0,28.0,13.2,107.5
2970.0,1.0,4.0,13.4,140.1
1737.0,2.0,,19.1,103.0
2963.0,1.0,6.0,16.6,150.5
2288.0,3.0,21.0,13.0,115.8
2252.0,2.0,10.0,3.0,115.5
2135.0,4.0,23.0,8.7,114.4
2363.0,4.0,4.0,10.0,142.5
930.0,1.0,14.0,15.5,48.7
1201.0,3.0,9.0,11.0,71.7
805.0,5.0,17.0,6.4,83.7
2526.0,3.0,30.0,2.3,132.9
1536.0,2.0,24.0,12.1,86.5
2368.0,5.0,19.0,9.6,147.9
769.0,1.0,8.0,15.4,38.9
990.0,2.0,33.0,8.9,42.9
2744.0,4.0,4.0,19.8,144.7
644.0,1.0,23.0,12.2,42.3
749.0,1.0,12.0,24.1,58.9
2826.0,5.0,22.0,11.0,176.8
1739.0,1.0,27.0,20.9,78.6
655.0,3.0,38.0,23.1,55.3
1138.0,,4.0,12.7,68.0
2889.0,1.0,36.0,11.7,129.0
2663.0,1.0,39.0,,113.5
528.0,4.0,16.0,14.2,70.1
966.0,4.0,34.0,5.8,82.7
2790.0,5.0,9.0,1.7,153.3
2462.0,5.0,38.0,2.8,128.6
2979.0,4.0,9.0,24.4,153.5
754.0,3.0,26.0,19.7,46.4
2374.0,5.0,3.0,1.2,145.3
2407.0,3.0,,2.1,142.3
1590.0,4.0,9.0,11.9,101.7
2657.0,1.0,37.0,7.2,120.8
2165.0,3.0,37.0,11.2,111.5
1467.0,2.0,20.0,11.4,80.0
805.0,3.0,12.0,22.7,44.3
2465.0,1.0,5.0,6.5,113.3
2951.0,3.0,22.0,14.2,152.7
1510.0,5.0,15.0,20.9,101.7
1897.0,3.0,29.0,24.7,91.9
1896.0,2.0,13.0,3.7,116.4
2777.0,1.0,33.0,21.9,133.1
1380.0,4.0,11.0,25.0,90.4
1660.0,2.0,35.0,16.2,97.2
606.0,3.0,10.0,22.2,55.9
1674.0,5.0,28.0,3.6,110.4
2398.0,2.0,18.0,5.1,127.7
2234.0,5.0,15.0,,150.6
1394.0,4.0,27.0,23.3,108.1
2906.0,4.0,8.0,3.7,159.6
1863.0,5.0,37.0,7.1,131.8
2945.0,3.0,7.0,22.8,153.6
2572.0,5.0,36.0,22.3,143.8
1977.0,2.0,8.0,24.4,96.0
2276.0,1.0,12.0,8.8,99.2
2958.0,5.0,7.0,4.0,171.2
1555.0,2.0,12.0,14.4,103.9
2751.0,1.0,24.0,10.1,128.0
901.0,5.0,33.0,20.5,70.4
1187.0,3.0,33.0,22.2,61.2
2282.0,4.0,38.0,18.8,143.1
888.0,1.0,15.0,13.8,39.1
2796.0,3.0,30.0,3.0,137.8
2280.0,3.0,8.0,10.6,134.1
2753.0,3.0,24.0,23.2,140.5
608.0,1.0,8.0,9.2,40.3
1054.0,1.0,1.0,3.2,90.7
1812.0,2.0,3.0,17.0,112.0
1027.0,5.0,27.0,11.7,78.4
2075.0,3.0,9.0,15.4,122.2
2410.0,1.0,4.0,13.6,127.4
2384.0,1.0,36.0,14.9,107.3
2762.0,3.0,6.0,3.3,155.1
1001.0,4.0,16.0,9.1,104.9
1514.0,4.0,7.0,5.0,107.1
1316.0,5.0,40.0,19.0,71.6
1333.0,3.0,38.0,12.2,78.5
816.0,5.0,24.0,23.4,88.9
2407.0,1.0,4.0,16.2,111.8
2440.0,4.0,27.0,19.9,141.6
2952.0,3.0,16.0,18.3,132.1
1543.0,4.0,14.0,15.8,118.5
2374.0,1.0,2.0,15.7,103.7
811.0,4.0,3.0,6.6,94.4
2381.0,3.0,33.0,19.8,124.3
822.0,1.0,7.0,1.5,52.4
2655.0,4.0,14.0,24.2,137.8
2815.0,3.0,37.0,7.7,137.0
2642.0,5.0,21.0,20.9,141.6
2463.0,2.0,17.0,1.3,125.7
1884.0,5.0,23.0,9.0,127.6
2710.0,4.0,28.0,5.7,122.9
1781.0,1.0,1.0,9.5,90.9
1870.0,2.0,24.0,2.1,87.2
509.0,4.0,19.0,16.2,55.6
1955.0,2.0,6.0,17.5,101.8
866.0,4.0,22.0,11.4,53.8
1561.0,3.0,29.0,19.7,87.2
,3.0,16.0,6.2,138.0
1259.0,5.0,21.0,5.0,90.3
900.0,4.0,40.0,15.4,63.6
729.0,2.0,33.0,14.6,32.0
1852.0,4.0,35.0,4.0,103.4
543.0,3.0,14.0,15.2,35.0
1779.0,1.0,31.0,10.5,90.5
2613.0,3.0,31.0,4.6,144.1
1039.0,1.0,11.0,9.6,73.5
667.0,5.0,5.0,13.4,71.7
770.0,5.0,6.0,8.6,98.2
1646.0,1.0,33.0,22.5,52.5
2541.0,3.0,2.0,3.0,151.0
1191.0,10.0,24.0,4.8,81.3
2000.0,1.0,24.0,20.5,82.9
2137.0,4.0,29.0,22.6,118.4
1711.0,1.0,37.0,1.3,80.4
577.0,3.0,36.0,19.3,47.2
1402.0,3.0,7.0,5.1,101.0
688.0,2.0,16.0,16.6,60.2
1603.0,1.0,35.0,14.8,69.5
2486.0,3.0,25.0,22.9,116.6
2538.0,1.0,25.0,16.0,137.7
2707.0,2.0,25.0,12.4,134.1
1989.0,5.0,4.0,11.1,138.5
946.0,1.0,29.0,10.7,47.2
2352.0,5.0,28.0,20.8,118.0
1288.0,5.0,28.0,1.9,93.8
2253.0,4.0,28.0,3.2,128.3
1227.0,3.0,40.0,12.5,65.2
-500.0,5.0,28.0,13.0,123.8
1693.0,4.0,32.0,21.8,109.6
1233.0,4.0,6.0,19.7,92.3
1823.0,5.0,15.0,12.9,130.2
1072.0,2.0,38.0,9.1,60.8
1546.0,5.0,17.0,16.4,117.4
2899.0,4.0,24.0,4.2,155.1
2305.0,3.0,14.0,6.2,145.5
508.0,1.0,26.0,1.4,25.2
603.0,2.0,32.0,14.5,33.9
1864.0,2.0,31.0,9.0,101.5
2719.0,1.0,22.0,19.4,114.9
1559.0,4.0,7.0,24.3,100.5
2646.0,2.0,27.0,4.2,128.3
1030.0,4.0,10.0,13.4,81.2
1785.0,1.0,34.0,3.4,87.5
846.0,1.0,29.0,11.1,48.0
2050.0,1.0,29.0,9.0,94.9
2664.0,1.0,7.0,10.7,133.3
2849.0,5.0,32.0,18.6,153.2
788.0,2.0,40.0,16.9,75.7
2219.0,2.0,18.0,15.5,109.0
2362.0,1.0,40.0,20.9,92.1
768.0,2.0,7.0,16.8,53.2
2473.0,4.0,12.0,2.5,171.6
1746.0,1.0,16.0,24.6,109.2
2062.0,5.0,23.0,4.5,133.7
2448.0,5.0,27.0,15.5,152.6
1626.0,3.0,35.0,8.8,99.5
1106.0,5.0,13.0,2.0,110.0
1111.0,4.0,19.0,12.8,80.0
2037.0,4.0,39.0,19.6,112.1
2132.0,3.0,1.0,16.1,99.3
1779.0,4.0,38.0,19.0,92.6
2338.0,5.0,32.0,17.8,127.2
2678.0,5.0,21.0,13.1,142.0
2376.0,3.0,22.0,16.9,128.2
1456.0,2.0,21.0,19.8,75.4
2965.0,3.0,28.0,23.0,135.6
2292.0,3.0,4.0,10.3,137.4
1949.0,1.0,16.0,14.8,96.5
2510.0,4.0,,14.2,145.2
1652.0,4.0,5.0,9.6,108.3
588.0,1.0,34.0,16.4,43.1
1972.0,4.0,30.0,8.1,131.5
1872.0,4.0,11.0,6.6,117.8
2829.0,3.0,29.0,8.8,149.6
2942.0,3.0,17.0,1.9,133.8
2182.0,3.0,11.0,18.2,102.8
613.0,1.0,32.0,18.8,43.2
1614.0,1.0,12.0,13.7,70.5
2510.0,5.0,1.0,6.9,164.5
1240.0,2.0,14.0,12.9,61.7
670.0,5.0,32.0,3.0,65.5
2506.0,1.0,18.0,18.0,128.5
568.0,2.0,17.0,11.8,36.7
1463.0,1.0,18.0,19.0,82.3
1331.0,2.0,20.0,1.7,71.4
843.0,4.0,12.0,7.0,78.8
2466.0,3.0,38.0,14.8,121.3
1670.0,1.0,2.0,14.2,89.7
2965.0,3.0,28.0,23.0,135.6
1248.0,3.0,13.0,21.8,96.5
1592.0,2.0,4.0,6.1,93.0
564.0,3.0,10.0,5.7,64.6
2392.0,4.0,14.0,16.0,141.4
1226.0,2.0,36.0,13.3,66.3
2903.0,4.0,28.0,18.1,150.3
848.0,2.0,24.0,3.0,47.7
2796.0,4.0,0.0,9.5,140.1
2657.0,5.0,25.0,9.3,151.2
985.0,1.0,33.0,11.3,57.2
1075.0,3.0,18.0,,74.8
1323.0,5.0,23.0,8.2,93.5
1979.0,5.0,18.0,5.1,132.3
2050.0,3.0,6.0,15.5,103.0
2347.0,5.0,11.0,11.5,156.1
810.0,2.0,32.0,1.5,33.8
533.0,4.0,22.0,8.2,69.3
1837.0,10.0,2.0,17.8,82.5
926.0,3.0,17.0,5.7,69.4
613.0,10.0,29.0,9.0,43.7
545.0,4.0,8.0,20.5,71.0
2165.0,4.0,7.0,7.6,115.4
1044.0,2.0,10.0,18.6,60.0
1473.0,1.0,24.0,10.5,85.0
2559.0,2.0,0.0,1.6,128.8
2226.0,4.0,18.0,23.3,130.0
1045.0,5.0,13.0,19.7,82.9
2024.0,3.0,14.0,3.9,122.2
1956.0,2.0,27.0,2.2,99.1
992.0,3.0,30.0,22.3,69.4
1379.0,4.0,4.0,3.9,110.8
1871.0,1.0,16.0,19.4,76.1
1465.0,2.0,19.0,13.5,84.5
2634.0,5.0,4.0,21.3,159.9
2256.0,1.0,26.0,21.9,96.5
1422.0,5.0,15.0,15.8,102.4
1049.0,2.0,12.0,1.6,83.7
1417.0,2.0,24.0,1.3,92.7
1623.0,1.0,38.0,13.2,93.2
1604.0,5.0,35.0,7.4,98.0
2256.0,3.0,25.0,2.3,118.2
560.0,3.0,28.0,18.9,48.9
1930.0,1.0,8.0,2.4,98.8
2708.0,4.0,40.0,11.3,149.1
1027.0,5.0,39.0,5.0,92.4
1701.0,3.0,36.0,9.9,92.2
2531.0,2.0,39.0,5.7,133.2
2838.0,1.0,22.0,12.6,152.6
606.0,5.0,30.0,5.3,73.7
2006.0,3.0,9.0,22.0,72.5
2404.0,5.0,20.0,15.8,135.7
1336.0,5.0,7.0,14.9,102.5
2110.0,4.0,23.0,19.2,137.6
1975.0,1.0,26.0,6.7,75.7
1116.0,1.0,11.0,15.5,57.4
2857.0,3.0,24.0,23.9,158.3
2304.0,1.0,40.0,23.4,89.8
1000.0,5.0,28.0,13.9,82.0
876.0,4.0,7.0,3.2,76.8
692.0,4.0,24.0,19.4,68.3
2452.0,2.0,2.0,17.3,128.7
2043.0,2.0,31.0,12.4,75.3
2521.0,1.0,11.0,6.2,136.4
2330.0,4.0,34.0,14.3,128.6
1145.0,1.0,18.0,4.9,62.7
1446.0,3.0,27.0,2.0,84.2
1408.0,2.0,39.0,21.3,64.3
1266.0,4.0,4.0,15.1,85.3
1950.0,1.0,14.0,6.1,103.1
1229.0,4.0,12.0,2.7,103.3
2737.0,3.0,2.0,18.6,128.8
2374.0,1.0,2.0,15.7,103.7
1799.0,3.0,14.0,1.2,126.7
1726.0,2.0,23.0,2.0,93.5
2555.0,1.0,37.0,4.9,120.8
2906.0,4.0,8.0,3.7,159.6
822.0,2.0,21.0,10.1,64.5
2138.0,1.0,16.0,21.5,98.0
1091.0,2.0,37.0,4.3,57.8
2619.0,2.0,23.0,17.9,122.8
1626.0,,3.0,2.0,102.0
2157.0,3.0,39.0,14.5,97.7
2624.0,3.0,17.0,5.2,140.3
2142.0,2.0,1.0,5.5,103.3
2865.0,4.0,18.0,12.2,157.0
2859.0,4.0,37.0,21.5,153.8
,3.0,34.0,6.8,117.7
1850.0,5.0,37.0,15.3,108.9
2821.0,2.0,26.0,21.6,143.7
1508.0,2.0,24.0,17.3,74.3
1553.0,1.0,1.0,22.5,59.6
1036.0,2.0,11.0,2.7,57.8
959.0,5.0,9.0,5.5,96.3
1523.0,3.0,5.0,21.2,81.1
504.0,1.0,34.0,7.9,37.3
2010.0,4.0,3.0,10.5,127.5
2614.0,2.0,15.0,8.0,145.7
2075.0,5.0,15.0,1.1,129.6
1175.0,4.0,18.0,24.4,74.7
2830.0,3.0,21.0,23.2,123.2
675.0,4.0,38.0,7.8,56.8
892.0,3.0,29.0,9.8,69.3
1768.0,5.0,5.0,25.0,131.1
760.0,3.0,28.0,3.5,63.4
510.0,2.0,15.0,6.9,70.9
739.0,5.0,11.0,22.1,78.1
2029.0,4.0,5.0,12.4,125.5
976.0,4.0,32.0,7.0,72.2
2619.0,2.0,28.0,2.7,145.5
1754.0,1.0,14.0,3.0,85.4
703.0,2.0,3.0,15.5,73.2
1195.0,2.0,14.0,12.1,79.5
2666.0,3.0,5.0,17.5,143.2
1279.0,3.0,2.0,16.7,77.2
1521.0,1.0,4.0,20.1,84.7
1113.0,1.0,14.0,24.2,62.8
1265.0,3.0,35.0,9.4,81.1
655.0,4.0,4.0,7.0,68.3
2657.0,5.0,38.0,7.7,151.1
2831.0,4.0,1.0,15.7,157.7
1705.0,3.0,7.0,3.6,100.5
1473.0,5.0,11.0,9.7,100.8
2197.0,5.0,13.0,22.7,134.8
2990.0,3.0,38.0,7.7,128.6
630.0,3.0,29.0,10.2,41.4
1896.0,2.0,13.0,3.7,116.4
2418.0,2.0,13.0,8.6,118.4
1100.0,4.0,11.0,6.7,77.0
976.0,2.0,27.0,15.4,76.2
1139.0,3.0,33.0,10.4,84.2
1844.0,1.0,40.0,23.1,71.7
2612.0,3.0,15.0,16.2,119.6
2579.0,4.0,20.0,7.3,140.5
1809.0,3.0,11.0,9.1,92.8
2489.0,5.0,10.0,6.2,167.7
-500.0,3.0,32.0,25.0,59.5
1574.0,1.0,0.0,11.9,82.1
2943.0,3.0,12.0,1.9,157.9
1747.0,4.0,18.0,18.4,97.0
705.0,5.0,19.0,24.0,81.7
2981.0,5.0,17.0,10.6,176.2
2261.0,2.0,38.0,13.9,112.3
1840.0,1.0,40.0,16.0,58.8
1758.0,1.0,9.0,11.7,102.1
1207.0,4.0,5.0,3.5,80.0
565.0,4.0,1.0,5.0,69.1
1475.0,5.0,34.0,19.2,96.0
512.0,4.0,7.0,1.3,73.1
2170.0,5.0,4.0,20.5,141.2
1133.0,3.0,29.0,13.5,71.1
2265.0,4.0,20.0,6.4,133.4
1324.0,4.0,6.0,5.1,96.1
2524.0,5.0,21.0,23.4,141.0
1307.0,3.0,17.0,3.9,82.9
1988.0,3.0,13.0,15.1,114.2
2750.0,5.0,11.0,23.7,161.4
1215.0,3.0,35.0,10.0,70.0
2392.0,2.0,30.0,23.4,119.4
1564.0,4.0,2.0,16.7,101.6
2171.0,3.0,32.0,23.8,109.1
2287.0,3.0,32.0,5.5,132.4
2121.0,1.0,11.0,10.4,-20.0
1167.0,1.0,18.0,22.5,83.9
2498.0,4.0,27.0,22.8,142.5
2880.0,1.0,13.0,2.3,136.6
2184.0,2.0,19.0,23.5,121.4
886.0,2.0,11.0,12.7,38.9
2605.0,3.0,5.0,,151.4
690.0,1.0,35.0,14.9,26.6
2329.0,2.0,24.0,11.6,116.1
1095.0,3.0,29.0,12.3,70.3
2457.0,5.0,6.0,24.2,165.8
909.0,5.0,10.0,15.4,88.5
860.0,5.0,3.0,6.1,101.7
1302.0,5.0,19.0,6.9,97.1
2609.0,4.0,18.0,14.7,148.0
2301.0,2.0,25.0,19.2,129.3
2788.0,4.0,16.0,2.2,152.2
1923.0,5.0,5.0,22.3,126.8
684.0,4.0,17.0,21.1,77.2
2066.0,4.0,28.0,16.9,130.9
1338.0,2.0,30.0,7.7,77.6
2430.0,2.0,4.0,16.4,134.1
634.0,4.0,32.0,5.3,56.7
,,29.0,5.1,79.9
502.0,1.0,32.0,23.6,22.4
2610.0,2.0,17.0,22.1,108.8
1146.0,4.0,17.0,10.6,89.1
2427.0,2.0,38.0,23.2,107.6
1773.0,5.0,6.0,12.5,114.8
1301.0,5.0,29.0,21.8,101.2
2228.0,2.0,25.0,10.1,93.2
1571.0,1.0,34.0,1.6,81.6
2761.0,2.0,23.0,10.7,126.3
2506.0,2.0,19.0,23.6,114.1
2322.0,1.0,39.0,13.1,105.9
771.0,5.0,19.0,19.7,75.8
2546.0,3.0,11.0,1.2,155.3
2331.0,1.0,5.0,1.1,123.2
524.0,1.0,40.0,21.9,25.5
2600.0,3.0,37.0,22.8,118.6
1789.0,2.0,6.0,24.5,97.2
1837.0,2.0,35.0,9.6,96.0
1331.0,1.0,8.0,4.9,83.7
943.0,,0.0,21.3,82.8
2651.0,5.0,39.0,16.4,137.0
1199.0,5.0,18.0,6.5,107.2
1628.0,5.0,23.0,11.3,124.7
645.0,1.0,36.0,4.9,69.8
-500.0,5.0,34.0,12.7,101.4
1005.0,3.0,26.0,3.5,65.0
2012.0,2.0,15.0,12.6,103.3
2962.0,3.0,37.0,15.5,146.3
1647.0,2.0,12.0,5.1,88.0
2495.0,1.0,31.0,20.2,108.5
2066.0,1.0,21.0,21.0,115.0
2310.0,2.0,9.0,17.4,110.1
1199.0,5.0,18.0,6.5,107.2
951.0,4.0,38.0,17.2,85.7
2056.0,2.0,10.0,15.2,123.9
1290.0,3.0,23.0,5.2,92.3
1064.0,4.0,12.0,18.1,71.0
1271.0,4.0,34.0,5.7,96.4
1084.0,1.0,29.0,6.2,61.0
1890.0,5.0,25.0,16.8,119.5
811.0,3.0,6.0,19.3,-20.0
1772.0,1.0,30.0,22.1,66.4
2552.0,2.0,5.0,12.4,142.2
777.0,3.0,35.0,13.8,50.3
,3.0,33.0,19.3,78.2
1766.0,2.0,35.0,14.2,82.5
2613.0,3.0,36.0,23.5,122.1
690.0,1.0,35.0,14.9,26.6
964.0,5.0,33.0,20.2,84.9
2072.0,3.0,0.0,11.9,128.9
2139.0,2.0,20.0,3.5,103.7
2448.0,3.0,22.0,13.0,124.3
1471.0,,6.0,12.3,95.4
1997.0,4.0,21.0,20.2,120.9
2834.0,2.0,28.0,17.1,138.9
832.0,1.0,2.0,17.2,43.5
1440.0,4.0,35.0,21.5,76.2
2150.0,5.0,16.0,8.2,143.8
1887.0,4.0,7.0,23.6,89.2
1165.0,4.0,14.0,15.2,100.6
2289.0,2.0,1.0,8.0,113.9
2854.0,4.0,20.0,21.6,138.3
2890.0,1.0,29.0,16.9,120.9
2454.0,2.0,7.0,12.1,117.7
1859.0,1.0,32.0,12.7,98.8
749.0,3.0,8.0,20.8,56.1
1161.0,5.0,23.0,11.1,97.1
2058.0,2.0,26.0,22.3,103.8
1824.0,5.0,0.0,6.0,119.5
1128.0,1.0,36.0,14.1,46.4
2491.0,5.0,32.0,12.3,135.8
1703.0,2.0,25.0,2.5,103.6
1128.0,2.0,34.0,13.5,61.0
2826.0,5.0,22.0,11.0,176.8
1495.0,3.0,34.0,10.1,89.1
1367.0,4.0,9.0,6.7,109.9
981.0,4.0,0.0,14.8,96.4
1988.0,,32.0,14.9,94.4
2198.0,4.0,31.0,2.2,129.2
2703.0,2.0,13.0,21.8,127.2
2728.0,4.0,19.0,12.6,140.4
1449.0,1.0,17.0,1.4,62.5
2724.0,2.0,2.0,10.2,123.4
1300.0,4.0,30.0,5.5,91.9
904.0,3.0,39.0,12.2,64.9
900.0,4.0,5.0,15.6,75.5
1407.0,4.0,19.0,16.5,89.6
1473.0,1.0,24.0,10.5,85.0
2776.0,5.0,36.0,3.1,154.8
2035.0,3.0,25.0,13.7,90.6
2533.0,5.0,10.0,14.2,153.6
1736.0,5.0,16.0,10.4,123.7
744.0,4.0,40.0,13.4,54.4
2373.0,4.0,21.0,5.9,135.1
1259.0,1.0,5.0,22.3,71.5
2167.0,4.0,35.0,4.2,120.7
822.0,3.0,1.0,11.5,67.4
1754.0,3.0,11.0,8.4,113.0
2301.0,5.0,36.0,7.7,132.8
2885.0,5.0,9.0,23.4,165.4
2136.0,1.0,16.0,13.9,-20.0
1444.0,5.0,22.0,1.7,102.0
2400.0,2.0,9.0,10.2,111.4
2269.0,5.0,10.0,6.4,133.9
1413.0,4.0,6.0,8.4,100.2
925.0,4.0,37.0,1.3,70.4
1877.0,4.0,27.0,6.1,112.4
582.0,5.0,26.0,16.4,77.6
1293.0,5.0,1.0,16.0,109.8
2800.0,5.0,38.0,5.0,159.7
1628.0,4.0,20.0,8.0,121.0
1060.0,4.0,24.0,7.2,90.2
1107.0,4.0,34.0,1.9,76.8
1267.0,3.0,34.0,8.1,72.4
1272.0,3.0,21.0,14.5,89.8
1949.0,2.0,8.0,2.0,103.4
631.0,3.0,30.0,22.1,47.5
2167.0,3.0,1.0,11.5,141.0
1871.0,4.0,38.0,2.9,113.9
1866.0,5.0,27.0,20.4,100.7
2959.0,2.0,39.0,8.8,138.3
529.0,1.0,28.0,19.4,38.3
1216.0,5.0,2.0,13.5,96.0
1596.0,5.0,31.0,3.7,121.1
1432.0,2.0,33.0,7.9,91.4
997.0,4.0,23.0,11.9,78.8
,2.0,29.0,5.2,62.5
2754.0,2.0,20.0,1.5,155.7
1866.0,2.0,24.0,18.1,86.2
2929.0,1.0,6.0,4.5,138.9
1957.0,5.0,2.0,7.4,119.5
1194.0,4.0,27.0,15.9,79.2
940.0,1.0,33.0,10.5,49.0
2748.0,2.0,34.0,10.8,135.5
2200.0,1.0,28.0,11.0,92.0
2067.0,3.0,16.0,17.3,102.1
1933.0,5.0,28.0,14.7,121.0
1754.0,4.0,11.0,16.3,101.6
2426.0,4.0,38.0,17.4,114.1
2674.0,3.0,5.0,1.2,128.4
835.0,2.0,35.0,17.1,37.7
1757.0,1.0,6.0,8.9,100.4
2137.0,3.0,21.0,10.7,130.6
1355.0,4.0,39.0,4.0,86.0
1219.0,3.0,33.0,12.5,80.7
2213.0,3.0,4.0,21.5,110.8
2672.0,2.0,27.0,21.9,115.8
2863.0,5.0,12.0,10.4,147.0
2054.0,1.0,35.0,22.6,92.1
712.0,5.0,33.0,20.5,66.7
920.0,5.0,8.0,18.0,88.0
2242.0,4.0,18.0,1.9,130.4
2716.0,3.0,4.0,24.7,139.0
1403.0,1.0,3.0,5.9,83.5
881.0,4.0,32.0,12.3,59.3
2210.0,1.0,33.0,2.6,107.6
659.0,1.0,21.0,10.2,35.8
1770.0,3.0,14.0,14.9,106.4
1792.0,5.0,17.0,12.9,110.5
2080.0,3.0,16.0,4.6,113.7
,5.0,17.0,24.8,123.1
2517.0,3.0,32.0,16.9,118.3
2547.0,2.0,28.0,19.6,126.7
1852.0,4.0,22.0,14.5,92.8
2337.0,4.0,12.0,20.8,122.4
2557.0,4.0,36.0,2.5,152.2
1863.0,2.0,35.0,8.6,93.3
2857.0,1.0,12.0,22.2,121.0
2706.0,4.0,28.0,6.1,172.5
2661.0,3.0,24.0,8.4,137.5
1476.0,4.0,18.0,15.6,104.9
514.0,3.0,19.0,17.7,49.5
547.0,4.0,33.0,19.9,68.3
2018.0,4.0,12.0,11.2,132.3
2227.0,2.0,23.0,2.1,131.2
680.0,1.0,11.0,18.2,56.3
2641.0,3.0,20.0,15.0,134.7
2356.0,3.0,27.0,9.0,134.8
1558.0,5.0,22.0,9.5,117.2
2572.0,5.0,36.0,22.3,143.8
1974.0,3.0,31.0,9.3,107.7
2195.0,1.0,34.0,6.8,75.0
1871.0,4.0,31.0,16.5,112.7
1530.0,4.0,35.0,14.2,92.8
964.0,1.0,8.0,4.1,49.6
1757.0,3.0,7.0,24.9,107.8
1124.0,2.0,17.0,19.9,85.8
1258.0,2.0,39.0,12.7,63.9
1011.0,4.0,7.0,8.4,104.6
1519.0,2.0,34.0,9.0,73.7
1641.0,4.0,10.0,23.9,112.4
1283.0,2.0,17.0,22.6,82.1
1598.0,5.0,20.0,21.7,98.8
1999.0,5.0,33.0,10.3,133.7
1268.0,2.0,26.0,16.7,85.4
2840.0,1.0,27.0,7.0,133.1
2659.0,2.0,37.0,23.1,139.1
603.0,2.0,31.0,23.4,40.9
961.0,3.0,0.0,7.3,72.9
788.0,3.0,12.0,23.5,66.8
2772.0,3.0,27.0,24.9,121.6
1814.0,4.0,0.0,23.9,109.1
2157.0,2.0,1.0,14.5,127.2
2644.0,3.0,14.0,14.6,-20.0
2807.0,5.0,13.0,22.2,145.7
1512.0,5.0,40.0,19.1,91.6
1258.0,4.0,9.0,14.9,84.5
1788.0,5.0,16.0,21.4,113.3
2560.0,5.0,23.0,21.5,129.7
1229.0,4.0,38.0,14.9,65.6
1798.0,1.0,9.0,3.8,83.9
515.0,1.0,0.0,17.6,30.4
1225.0,1.0,4.0,23.0,76.9
2462.0,2.0,23.0,17.5,121.6
599.0,4.0,27.0,21.0,53.3
2787.0,4.0,9.0,2.1,169.1
1744.0,4.0,12.0,22.9,107.2
2743.0,2.0,21.0,13.9,131.5
849.0,3.0,19.0,8.6,69.4
1696.0,5.0,30.0,14.6,122.2
2427.0,3.0,10.0,20.5,121.0
2464.0,1.0,18.0,15.5,107.8
738.0,2.0,37.0,3.1,55.5
646.0,2.0,17.0,20.6,50.6
2613.0,3.0,31.0,4.6,144.1
2356.0,3.0,0.0,13.0,130.8
1472.0,5.0,3.0,12.2,102.5
1745.0,1.0,36.0,2.2,102.8
1008.0,4.0,3.0,22.1,62.7
2354.0,1.0,28.0,16.3,111.5
2949.0,1.0,21.0,4.5,139.2
2392.0,1.0,12.0,11.7,131.0
1366.0,3.0,6.0,6.6,92.6
589.0,1.0,,9.1,51.2
777.0,3.0,17.0,1.2,60.2
664.0,4.0,22.0,17.1,44.0
1930.0,3.0,40.0,18.8,109.7
1493.0,3.0,22.0,10.5,95.3
682.0,5.0,21.0,22.6,59.4
1410.0,4.0,14.0,6.1,76.9
545.0,3.0,18.0,10.1,45.3
2455.0,3.0,2.0,16.9,120.7
2423.0,2.0,11.0,18.1,113.9
1542.0,3.0,14.0,8.3,94.0
2098.0,1.0,,14.5,114.1
1363.0,3.0,28.0,16.5,77.3
1827.0,4.0,1.0,19.9,122.8
1747.0,3.0,29.0,5.8,106.1
2523.0,5.0,13.0,21.0,144.5
1529.0,3.0,16.0,10.5,107.3
872.0,10.0,2.0,10.1,71.7
1772.0,5.0,26.0,22.7,112.2
569.0,1.0,22.0,21.1,34.6
1407.0,1.0,12.0,21.0,82.5
1213.0,3.0,34.0,1.2,82.5
2023.0,5.0,35.0,6.5,119.8
1653.0,5.0,38.0,20.5,95.8
1791.0,1.0,16.0,6.7,87.6
1868.0,2.0,6.0,8.0,89.4
2924.0,5.0,30.0,19.9,177.0
2120.0,2.0,4.0,13.9,120.6
,3.0,18.0,23.4,57.7
1800.0,3.0,4.0,12.4,102.7
2627.0,,31.0,16.0,146.2
797.0,1.0,12.0,20.3,51.1
1216.0,3.0,21.0,18.7,50.1
504.0,3.0,21.0,3.4,-20.0
694.0,2.0,27.0,5.7,64.2
1791.0,3.0,34.0,1.4,95.7
1598.0,1.0,37.0,7.4,70.4
1516.0,4.0,21.0,10.7,90.5
2984.0,4.0,9.0,8.8,162.5
1818.0,5.0,4.0,9.8,128.9
2609.0,1.0,10.0,6.1,116.1
2036.0,5.0,34.0,18.7,127.0
587.0,2.0,26.0,10.7,46.9
916.0,2.0,10.0,13.5,52.8
1053.0,1.0,3.0,7.8,65.7
1548.0,5.0,7.0,2.6,114.6
1416.0,4.0,2.0,17.3,102.2
1574.0,5.0,22.0,15.1,94.4
1201.0,3.0,1.0,6.3,85.8
2834.0,3.0,25.0,15.4,143.4
2860.0,5.0,6.0,13.9,172.6
1020.0,4.0,21.0,11.5,79.9
2425.0,1.0,11.0,21.9,111.2
2423.0,2.0,32.0,19.6,110.0
2741.0,4.0,21.0,3.3,152.5
1702.0,1.0,3.0,23.2,90.9
1707.0,2.0,10.0,23.5,86.8
1891.0,1.0,35.0,21.8,69.9
1579.0,3.0,23.0,24.6,90.4
1881.0,1.0,8.0,4.8,78.0
1982.0,3.0,36.0,12.7,98.7
1996.0,5.0,12.0,9.8,116.5
1809.0,3.0,21.0,8.0,115.7
1746.0,3.0,20.0,13.3,93.1
2741.0,1.0,24.0,18.6,114.7
2613.0,1.0,7.0,2.3,139.1
1395.0,1.0,8.0,7.8,85.0
894.0,2.0,32.0,13.7,57.8
1180.0,2.0,23.0,9.9,74.0
2535.0,2.0,8.0,7.3,124.0
885.0,5.0,9.0,8.7,84.6
2396.0,5.0,17.0,21.2,140.3
2250.0,4.0,36.0,20.1,127.8
1514.0,4.0,39.0,12.9,100.7
2203.0,3.0,13.0,,117.0
1801.0,5.0,19.0,12.6,122.5
845.0,1.0,12.0,23.4,54.8
1733.0,5.0,5.0,7.4,131.1
1700.0,5.0,40.0,24.7,108.2
1470.0,2.0,18.0,23.5,70.8
2110.0,4.0,15.0,18.9,107.0
2516.0,3.0,34.0,3.1,122.4
1852.0,1.0,14.0,7.1,88.3
1639.0,10.0,40.0,13.0,111.2
1364.0,5.0,39.0,22.3,106.0
2477.0,2.0,38.0,6.4,134.0
2553.0,,27.0,20.3,127.7
2948.0,5.0,17.0,15.6,162.9
1266.0,5.0,1.0,1.7,119.1
864.0,1.0,18.0,15.0,57.9
2487.0,4.0,21.0,13.6,145.6
2644.0,1.0,8.0,11.2,133.8
2964.0,5.0,26.0,22.2,163.9
1004.0,5.0,34.0,24.3,58.8
648.0,4.0,19.0,3.2,45.9
838.0,5.0,33.0,16.3,90.8
1657.0,3.0,39.0,19.1,72.6
2394.0,3.0,1.0,19.6,136.7
2677.0,3.0,4.0,18.0,136.2
1786.0,3.0,28.0,12.2,118.9
820.0,2.0,4.0,11.4,42.0
1207.0,3.0,19.0,18.3,88.5
1605.0,3.0,0.0,1.3,94.5
964.0,5.0,5.0,19.8,93.1
2367.0,3.0,28.0,2.4,143.1
1052.0,1.0,29.0,24.8,56.4
2760.0,2.0,9.0,17.4,123.6
2148.0,4.0,37.0,20.3,110.6
746.0,2.0,16.0,3.9,70.5
2074.0,1.0,29.0,11.3,87.7
1109.0,4.0,29.0,9.1,92.7
1942.0,2.0,11.0,13.4,100.0
1766.0,1.0,10.0,6.3,103.9
1709.0,2.0,2.0,24.5,87.4
1996.0,4.0,24.0,18.4,119.5
1506.0,3.0,31.0,24.2,73.0
2535.0,2.0,8.0,7.3,124.0
1669.0,5.0,5.0,22.1,136.0
2649.0,4.0,33.0,15.2,159.7
2867.0,5.0,29.0,15.1,148.6
2954.0,1.0,23.0,3.2,130.9
1510.0,4.0,21.0,23.5,103.7
989.0,5.0,15.0,9.4,106.5
1863.0,,13.0,18.8,103.0
1871.0,2.0,4.0,7.7,93.9
2508.0,4.0,39.0,9.8,142.3
2066.0,1.0,21.0,21.0,115.0
823.0,4.0,5.0,23.7,89.5
2611.0,1.0,10.0,4.3,120.2
2336.0,2.0,7.0,12.6,116.5
942.0,3.0,8.0,8.0,88.1
1619.0,2.0,40.0,16.2,89.7
1389.0,2.0,16.0,5.0,69.4
-500.0,2.0,9.0,7.5,79.9
867.0,4.0,5.0,9.5,66.1
2435.0,5.0,9.0,12.5,142.0
1898.0,2.0,4.0,8.5,95.6
1075.0,4.0,8.0,1.8,82.7
1766.0,4.0,26.0,5.4,116.6
2085.0,1.0,27.0,17.9,98.7
1584.0,4.0,29.0,4.2,98.2
1687.0,5.0,9.0,19.3,111.7
1433.0,2.0,4.0,7.3,107.2
691.0,2.0,1.0,15.8,48.5
1562.0,4.0,21.0,24.6,103.8
1311.0,4.0,4.0,,95.1
2045.0,2.0,28.0,14.7,103.4
1464.0,5.0,4.0,19.5,112.9
1696.0,2.0,22.0,22.6,77.9
1902.0,4.0,24.0,22.0,113.4
1255.0,4.0,25.0,18.7,106.8
1816.0,1.0,23.0,18.0,78.7
1860.0,4.0,20.0,19.5,119.1
1071.0,5.0,6.0,23.6,75.6
2514.0,4.0,35.0,3.9,136.3
2968.0,5.0,13.0,24.0,158.3
2863.0,3.0,35.0,3.7,123.9
1215.0,3.0,22.0,23.7,55.4
856.0,5.0,37.0,10.7,82.2
759.0,5.0,2.0,1.4,82.4
2723.0,2.0,15.0,6.3,138.1
846.0,2.0,3.0,20.8,71.9
1090.0,3.0,40.0,15.4,69.6
1147.0,1.0,14.0,,92.3
1660.0,1.0,5.0,5.3,106.7
1086.0,5.0,27.0,1.9,80.9
1174.0,2.0,37.0,2.9,70.4
2397.0,1.0,40.0,2.9,118.1
1902.0,2.0,1.0,24.5,89.9
1647.0,4.0,36.0,24.2,89.1
2344.0,3.0,3.0,24.2,120.4
893.0,2.0,15.0,5.2,67.5
2529.0,5.0,35.0,17.1,139.2
2480.0,5.0,21.0,2.5,142.2
2070.0,2.0,22.0,10.2,106.9
1623.0,3.0,14.0,8.9,102.6
2743.0,3.0,20.0,4.3,135.7
2431.0,1.0,28.0,6.5,98.5
2563.0,5.0,25.0,1.8,156.2
1930.0,1.0,16.0,17.4,96.0
957.0,1.0,19.0,9.5,67.1
2848.0,2.0,32.0,11.2,138.4
798.0,4.0,10.0,18.3,74.3
799.0,4.0,40.0,1.1,69.7
923.0,3.0,30.0,22.3,50.1
1386.0,2.0,24.0,9.0,75.5
1399.0,2.0,16.0,4.2,83.2
1290.0,4.0,0.0,6.1,74.4
1238.0,4.0,35.0,18.0,63.0
2264.0,4.0,12.0,5.2,139.1
1408.0,1.0,36.0,1.7,70.5
1646.0,3.0,8.0,3.8,114.0
1336.0,2.0,25.0,12.4,80.6
1300.0,3.0,27.0,9.7,92.0
,2.0,40.0,6.5,112.8
1221.0,4.0,32.0,6.4,69.8
1880.0,4.0,28.0,21.1,120.4
1074.0,5.0,35.0,8.1,84.4
2191.0,3.0,15.0,13.3,121.3
2723.0,2.0,15.0,6.3,138.1
