sender_frequency,keyword_score,thread_length,response_deadline_hours,attachment_count,previous_priority_rate,target
4,29.17,4,2.79,5,58.6,1
2,70.15,3,18.37,1,83.35,0
1,36.13,5,11.05,1,71.34,1
6,38.22,2,1.0,3,52.27,1
5,20.93,1,16.53,1,43.43,0
1,38.78,1,3.56,1,89.43,0
5,67.1,2,6.5,4,78.28,0
5,44.13,2,8.58,4,32.2,1
0,0.0,6,15.5,6,62.89,0
3,89.16,5,12.12,3,49.64,1
2,57.43,0,11.18,4,34.85,0
2,19.57,1,19.98,2,26.02,0
4,40.12,3,12.32,4,30.24,1
3,56.76,1,4.44,0,27.71,0
0,12.92,3,15.9,2,46.1,1
2,48.78,3,1.0,1,57.62,1
3,55.64,3,8.5,5,44.83,1
3,38.88,5,10.01,4,69.26,1
1,42.02,3,6.15,2,56.46,0
1,40.46,2,2.63,6,50.88,1
3,25.9,6,24.06,2,65.86,1
2,21.26,6,11.89,4,30.81,1
1,58.69,2,19.55,2,60.63,0
1,66.24,2,4.27,1,55.52,0
2,77.46,2,1.0,5,48.18,1
2,77.26,5,9.77,5,60.22,0
2,24.05,4,7.04,6,48.01,0
5,41.14,3,17.18,7,55.14,1
5,42.52,2,20.13,3,67.03,0
6,12.49,0,12.91,5,36.04,1
4,64.24,2,3.61,5,35.41,1
0,45.5,6,18.52,2,99.42,0
1,48.24,2,3.48,6,38.18,0
4,37.09,4,14.86,4,61.62,0
3,39.33,2,13.52,2,100.0,0
2,35.15,1,5.99,2,35.18,0
8,28.31,1,1.76,1,24.13,1
1,68.45,2,6.99,5,27.82,1
3,60.01,3,12.3,6,83.71,1
1,57.51,1,29.78,3,64.49,0
2,71.53,4,30.97,4,67.52,0
2,47.55,3,20.01,1,54.8,1
5,12.12,3,4.45,5,59.98,1
3,94.3,1,6.4,4,32.77,1
4,14.31,5,5.16,2,45.73,1
1,68.44,1,8.85,3,68.79,0
3,40.49,7,21.23,0,51.82,0
3,25.24,3,6.53,5,49.3,1
3,54.64,5,18.88,3,34.63,0
1,38.79,2,6.71,3,76.49,0
5,42.06,2,5.9,2,41.27,0
2,40.72,2,3.99,2,47.28,0
2,58.24,2,8.75,3,50.08,0
7,47.33,4,26.42,2,18.56,1
3,23.15,5,10.92,3,55.95,1
1,48.42,4,4.62,3,23.33,0
3,57.14,3,17.52,3,12.38,1
3,36.44,3,1.0,4,91.22,1
2,45.27,5,8.68,4,30.23,1
1,55.34,2,15.24,2,45.69,1
5,46.84,5,13.69,2,55.93,1
3,64.45,5,1.69,3,40.83,1
2,80.09,2,11.48,7,59.28,0
4,54.55,1,10.12,2,28.89,0
5,19.91,2,1.0,3,68.19,1
2,25.25,3,15.28,1,9.27,1
2,39.84,1,6.84,4,52.75,1
6,73.47,2,13.51,6,29.05,0
1,45.35,6,26.87,2,40.42,1
3,61.17,1,8.53,2,78.68,1
6,91.25,1,2.66,0,93.64,0
5,27.27,3,7.35,2,64.64,1
3,45.56,1,18.45,4,30.72,0
2,38.24,2,1.0,1,50.13,0
2,14.5,3,13.35,8,44.47,1
4,23.69,5,15.23,1,76.91,1
2,55.85,5,18.68,3,67.53,0
6,81.81,0,4.51,5,40.95,1
2,62.18,5,10.09,4,45.58,1
2,40.27,2,21.91,4,38.48,0
3,30.82,2,13.52,4,33.38,1
1,51.76,2,1.0,2,17.96,0
1,44.27,2,2.16,3,52.19,1
6,78.91,2,12.67,1,85.43,1
4,24.43,5,17.88,1,34.99,0
3,75.65,3,14.19,3,31.93,0
5,45.43,3,8.43,3,40.57,0
3,53.2,1,13.56,3,49.18,0
1,63.94,8,1.0,8,55.44,1
1,17.05,0,20.74,1,16.3,0
2,22.07,3,6.5,3,71.31,0
2,51.6,3,9.6,1,56.55,0
5,72.07,3,6.68,5,44.93,1
3,41.11,1,13.19,1,87.43,0
6,59.66,2,12.49,2,49.17,0
2,2.66,2,11.31,0,46.38,0
3,35.53,6,2.84,5,41.18,1
3,24.17,5,1.0,7,0.0,1
3,53.09,1,10.07,6,68.63,1
6,53.52,2,12.16,3,40.52,0
5,52.55,1,3.16,4,34.97,1
2,81.75,5,9.5,3,25.36,1
4,56.62,4,11.26,3,74.98,1
1,65.66,3,4.58,5,76.41,1
5,22.54,3,1.58,2,69.81,1
4,67.16,3,22.2,3,39.11,0
2,50.38,4,8.33,5,66.3,0
3,38.17,1,5.17,6,61.9,1
0,30.52,4,5.1,1,44.9,1
3,2.13,3,12.5,6,72.74,1
0,67.02,3,16.52,1,58.26,0
3,33.16,3,4.12,3,80.53,1
6,56.55,1,1.0,5,50.29,1
3,43.4,4,8.78,4,55.91,1
2,60.64,7,3.6,6,57.94,1
2,48.2,3,14.17,4,57.59,0
5,43.98,1,7.74,6,55.28,1
4,69.48,2,5.31,4,53.18,0
2,50.47,2,7.22,2,47.02,0
2,24.29,2,16.73,0,37.48,1
1,49.52,2,6.86,1,48.99,1
4,45.24,2,13.65,5,63.85,0
0,59.91,3,4.9,2,61.33,0
1,26.62,3,19.48,1,32.81,1
5,35.49,2,17.32,5,40.03,1
6,47.74,3,5.2,5,56.69,1
4,62.15,0,18.59,6,63.88,1
2,61.17,0,23.53,7,67.16,1
1,44.81,4,1.99,2,15.27,1
3,49.66,8,6.61,4,77.76,1
5,61.01,4,7.55,0,28.85,1
4,33.83,1,16.65,2,71.28,0
3,60.18,4,3.5,1,55.11,1
2,69.89,2,3.26,1,12.48,0
3,69.49,1,23.3,4,43.81,0
5,90.74,3,20.51,5,35.32,1
4,38.95,4,8.1,2,55.73,0
0,60.64,3,17.91,2,49.37,0
2,56.48,2,4.99,2,45.55,1
5,43.73,3,4.17,3,19.54,1
1,27.56,3,15.82,1,44.77,0
4,28.86,3,22.01,4,36.34,0
4,27.25,3,15.69,5,66.64,1
3,31.18,1,9.33,2,47.08,0
2,19.89,1,1.9,4,21.96,1
2,58.8,4,1.0,2,48.53,0
1,69.42,2,28.63,5,46.94,0
4,58.09,4,17.05,4,49.23,1
3,29.81,1,13.62,1,37.32,0
3,77.4,6,14.53,3,78.15,0
8,49.46,2,18.33,4,37.67,1
1,83.68,2,15.57,2,45.18,0
2,87.53,2,17.96,5,48.97,0
1,35.71,3,11.55,5,48.26,0
3,46.67,2,1.19,4,60.91,1
4,44.92,2,5.96,2,31.43,0
3,44.72,2,2.08,3,55.89,0
3,59.72,2,15.88,2,22.22,1
2,51.99,1,17.3,1,47.92,0
2,61.03,3,22.69,2,57.92,0
3,100.0,3,1.0,2,34.55,0
5,38.77,6,10.94,4,57.17,1
5,35.3,4,11.41,2,66.78,0
4,44.65,2,7.4,1,54.02,0
3,60.14,1,7.49,5,44.51,1
2,51.08,5,21.55,2,85.26,0
3,52.09,1,13.9,1,75.53,0
8,87.86,1,17.48,6,52.72,1
3,34.46,2,14.62,3,55.15,1
2,40.27,3,13.73,2,25.77,0
4,51.14,1,8.64,7,27.1,1
2,70.93,1,10.02,5,48.57,0
1,65.2,3,18.99,1,49.91,0
2,55.95,4,10.94,4,2.44,0
3,23.25,4,21.89,2,69.88,0
1,27.51,1,8.26,4,19.19,1
1,37.57,3,2.73,5,48.81,1
2,38.22,3,12.58,6,42.3,1
1,42.46,2,23.16,3,58.0,0
4,30.45,2,5.38,1,51.18,0
2,1.58,3,10.59,1,66.88,1
2,81.29,7,14.78,3,27.93,1
1,43.94,3,8.11,2,25.43,0
2,62.0,5,9.95,1,72.73,1
2,47.54,1,18.78,3,68.58,0
2,46.17,3,9.66,2,39.89,0
4,33.57,2,17.65,4,43.3,1
3,32.69,6,3.3,2,60.06,1
3,52.14,3,1.51,1,50.3,0
2,67.33,1,12.07,3,68.99,0
4,37.07,1,18.3,0,56.9,0
4,55.69,2,3.09,4,55.25,1
3,52.78,4,24.14,4,34.02,1
1,25.78,3,6.8,0,23.01,1
3,3.31,1,9.6,3,54.0,0
8,61.89,4,1.0,2,48.61,1
1,23.27,8,8.59,3,34.43,1
3,8.72,6,10.93,3,70.39,1
3,71.0,2,13.79,7,34.13,1
4,5.49,2,11.22,3,69.6,1
1,54.97,3,10.73,0,50.26,0
4,17.54,3,16.96,1,50.7,0
1,55.6,3,8.3,2,43.42,0
0,18.45,0,11.09,1,62.48,0
2,66.14,6,18.15,1,45.6,0
2,4.14,3,12.72,3,54.08,1
4,31.17,4,3.19,0,54.12,1
4,47.59,3,13.15,2,50.89,1
2,15.26,2,8.69,4,52.52,1
4,65.14,3,5.94,3,61.89,1
1,52.83,3,23.72,3,8.82,0
5,58.86,2,13.51,6,61.2,1
4,37.59,6,7.42,2,46.68,1
4,22.01,2,8.9,2,78.8,1
7,67.55,2,19.51,1,65.92,0
3,27.04,1,19.82,1,22.67,1
3,55.07,3,12.46,0,84.18,0
1,50.77,3,1.08,1,39.62,1
1,34.74,1,2.44,2,50.09,0
5,54.17,2,1.0,3,61.15,1
7,46.86,7,6.12,4,44.66,1
3,62.23,6,13.13,3,26.87,1
5,38.21,4,6.06,2,58.91,1
3,59.91,3,13.43,5,7.65,1
6,69.89,2,6.97,3,34.45,0
3,87.44,1,1.0,6,50.1,1
2,42.42,4,21.54,3,49.68,1
4,46.56,2,15.12,6,62.56,0
5,44.62,1,28.73,1,39.83,0
4,63.06,2,11.87,2,46.27,1
6,43.23,2,2.74,6,32.25,1
6,60.68,3,13.26,5,48.97,1
3,40.39,0,12.04,4,37.19,1
2,69.63,3,20.82,1,46.76,1
2,10.55,4,1.0,2,20.01,1
2,65.46,5,5.87,5,88.23,1
3,61.77,4,10.86,3,36.71,0
4,28.4,3,5.94,2,11.82,1
3,70.44,3,14.34,2,8.86,0
2,45.22,2,16.49,9,52.34,1
6,36.19,3,7.31,0,62.99,1
5,18.37,1,18.26,1,63.94,1
3,31.4,4,4.98,3,52.88,1
2,29.51,2,9.78,2,25.87,0
1,25.83,0,13.57,2,41.15,0
3,50.17,3,10.72,4,47.79,1
2,88.74,5,15.92,7,16.02,1
3,73.39,2,6.05,1,58.66,1
0,39.66,3,12.69,0,32.98,0
3,29.43,4,25.04,4,63.72,0
4,38.98,3,14.84,6,49.97,1
4,24.32,4,8.47,1,54.75,1
3,89.89,3,1.0,5,90.35,1
1,0.0,5,8.08,3,37.2,0
4,12.96,4,13.79,3,35.65,1
2,46.2,3,16.44,0,62.23,0
3,58.08,3,11.07,3,65.7,0
3,51.93,5,20.75,9,48.66,1
5,51.26,9,1.43,4,24.83,1
3,86.38,2,14.17,5,31.39,1
4,43.38,5,7.74,5,50.48,1
3,42.77,2,16.63,2,47.07,0
1,35.73,0,7.35,4,32.02,0
1,19.17,2,14.32,7,14.64,1
3,27.46,6,16.2,2,55.01,1
6,82.26,3,8.26,5,46.6,1
3,75.31,5,23.93,2,81.79,0
3,22.25,4,8.76,4,27.52,1
3,58.66,3,14.75,4,73.8,0
5,88.05,7,1.0,4,58.23,1
2,54.49,0,12.1,3,48.13,1
3,58.04,4,8.7,2,89.02,0
3,44.76,2,16.63,3,27.04,1
1,60.27,5,13.05,2,63.93,1
6,84.78,3,25.26,6,68.22,0
4,52.87,3,19.22,6,55.34,1
5,49.5,3,3.47,3,67.52,0
1,13.66,3,1.0,4,32.39,1
4,64.33,4,5.75,4,39.86,0
4,58.64,1,1.0,1,55.31,1
4,30.05,2,12.73,3,75.64,1
6,45.47,5,18.93,3,51.89,1
3,49.33,4,7.56,6,53.37,1
0,57.57,4,24.49,4,56.12,0
7,54.05,1,3.56,6,14.01,1
0,32.19,1,18.25,3,47.65,1
3,78.15,6,8.39,2,70.82,1
1,69.53,1,7.64,2,80.2,1
2,34.46,2,12.02,1,44.5,0
2,43.22,1,9.17,3,39.98,0
1,36.57,2,3.63,3,27.4,0
3,50.83,2,9.81,4,49.98,1
1,62.22,4,27.72,3,35.86,0
2,79.88,1,1.0,5,50.31,0
5,71.75,2,1.0,5,56.05,1
5,75.83,0,12.82,3,32.68,0
1,53.57,3,18.98,2,46.32,0
4,50.92,2,20.67,5,58.16,1
3,83.47,3,9.05,4,27.97,1
2,60.95,3,5.76,1,38.14,0
3,43.73,4,8.24,3,82.36,0
2,50.2,6,12.62,3,34.16,0
2,55.65,8,19.52,4,11.16,1
8,44.15,0,4.16,3,61.83,1
1,49.99,1,17.13,5,54.77,0
6,25.39,8,13.13,0,58.21,1
8,83.51,2,22.4,5,53.19,0
4,71.67,1,7.82,2,52.7,1
5,74.25,3,13.03,4,58.69,0
5,59.81,4,15.73,2,50.59,0
1,40.21,6,9.25,1,58.3,0
5,48.08,2,19.33,2,62.13,0
3,70.03,1,3.88,2,62.19,0
3,88.21,3,22.49,1,58.89,0
3,74.15,4,18.47,6,98.45,0
5,15.06,1,5.67,7,33.4,1
4,41.7,3,13.83,4,47.46,0
2,68.62,4,22.86,8,40.36,1
5,89.35,3,25.96,4,42.85,1
4,41.09,4,7.57,3,20.66,1
5,49.26,0,5.54,2,49.93,1
4,25.74,6,6.14,2,70.5,1
2,4.99,8,1.0,2,46.99,1
3,38.89,0,4.18,1,63.23,0
7,48.09,4,31.17,1,54.02,1
2,28.62,3,17.05,4,27.37,1
1,65.45,6,10.25,5,53.58,1
2,27.2,2,16.71,4,50.39,1
3,41.6,0,5.86,2,20.6,0
0,87.68,2,1.0,3,28.32,0
4,35.49,2,1.0,2,37.01,0
4,69.65,5,1.0,4,29.58,1
2,55.74,5,9.0,7,40.8,1
2,67.5,3,1.0,4,43.74,1
4,35.12,0,1.0,5,52.95,0
5,53.51,3,1.0,4,58.26,1
1,57.95,0,22.13,2,62.91,0
3,78.54,6,1.0,0,15.83,0
2,36.2,1,19.69,3,27.87,0
3,57.16,3,2.45,1,50.69,0
3,70.69,4,1.72,6,67.8,1
4,46.46,2,13.27,4,17.07,0
0,49.08,5,7.88,4,0.0,1
2,66.51,2,2.71,2,48.09,0
2,50.64,1,7.66,3,34.98,1
8,44.99,1,9.88,3,21.24,1
3,88.77,4,3.75,0,73.71,1
1,38.63,3,5.16,5,81.92,1
1,54.64,4,1.0,3,4.7,1
2,79.24,1,2.05,2,0.9,0
0,49.18,3,12.4,4,55.77,0
2,33.07,1,14.44,2,37.1,0
4,31.98,4,13.44,2,49.97,1
2,52.15,1,18.95,3,52.26,0
6,55.87,3,20.03,5,40.22,0
4,97.76,2,4.3,1,39.88,1
4,49.88,3,18.11,4,24.23,0
2,57.92,2,2.76,3,49.14,1
7,34.63,7,4.57,2,20.52,1
1,50.89,3,1.0,7,59.72,1
5,71.97,4,12.71,3,61.75,0
2,65.29,3,1.0,1,34.19,1
3,40.39,1,8.28,0,54.21,0
5,31.94,1,10.81,3,82.26,0
3,69.84,0,14.39,4,20.17,1
5,33.02,4,7.65,3,28.63,0
4,55.27,1,8.97,1,49.26,0
4,78.83,1,1.0,2,32.22,0
2,27.02,2,37.37,5,75.4,0
2,68.63,2,13.08,2,30.83,0
2,42.59,1,23.39,4,43.18,0
1,15.32,2,12.01,4,38.25,0
1,35.01,1,1.0,2,21.39,0
0,69.64,1,7.07,4,91.65,0
4,36.75,1,14.02,2,66.03,0
6,45.75,0,2.49,3,39.84,1
3,36.72,2,15.11,2,32.14,0
2,26.16,2,9.31,2,77.04,0
2,45.19,4,2.11,2,23.45,1
4,51.67,2,1.0,0,29.33,0
4,49.97,7,15.63,2,41.77,1
1,16.66,5,10.44,5,58.72,1
6,31.33,3,8.74,6,91.03,1
3,63.71,8,1.0,4,58.23,0
2,48.33,4,5.43,2,62.77,0
4,72.0,6,18.59,5,66.37,1
5,42.41,2,24.47,6,27.69,1
2,60.35,2,21.0,0,89.33,0
5,68.1,4,17.62,2,85.44,0
4,44.69,2,1.0,4,36.99,1
6,51.4,2,7.94,2,39.95,1
1,28.69,2,16.35,1,41.83,0
3,39.43,3,5.74,1,50.81,0
3,46.44,3,16.21,4,43.43,0
3,57.2,7,7.5,1,50.78,0
0,48.66,1,31.26,3,63.68,0
4,12.57,6,18.45,6,55.69,0
5,23.05,2,4.56,0,67.36,1
3,54.59,1,8.75,1,71.91,0
4,41.8,4,11.97,4,38.92,1
1,69.89,9,5.11,2,63.18,1
5,23.31,3,6.25,1,45.75,1
2,58.53,5,21.71,1,37.47,1
2,19.9,3,5.7,4,60.35,1
6,96.9,2,6.21,3,29.07,0
4,70.62,3,13.42,5,66.09,0
2,38.2,2,12.46,5,34.37,1
2,54.82,0,1.99,1,50.01,0
2,39.41,3,9.18,1,59.88,0
5,47.35,3,13.45,1,25.1,1
3,15.42,2,14.44,3,44.83,1
1,87.43,2,10.9,3,38.3,0
0,41.06,5,19.23,4,30.38,1
6,98.89,2,11.25,4,77.38,0
5,25.15,4,13.36,2,43.54,0
5,51.52,5,12.98,1,59.48,1
3,58.33,4,14.75,0,13.23,0
2,21.43,2,18.19,1,46.82,0
5,55.61,5,10.49,1,31.02,0
6,58.73,5,9.87,4,82.53,0
1,35.23,5,5.68,1,79.44,0
2,34.62,3,13.24,3,31.11,1
4,57.91,4,10.0,3,65.02,0
6,48.82,4,11.76,3,21.36,1
3,47.0,2,12.2,2,59.23,0
1,44.61,4,15.52,7,53.01,1
5,55.71,3,14.56,4,54.81,1
1,16.73,3,6.57,0,18.62,1
1,25.16,3,15.16,3,45.74,1
1,46.49,5,14.5,1,9.0,0
1,3.82,1,22.04,0,38.03,0
8,51.67,5,4.67,3,46.08,1
0,30.79,5,11.48,3,49.58,0
5,83.19,4,18.49,3,42.22,0
3,53.28,6,2.37,5,64.69,1
7,40.95,1,2.1,5,73.93,1
4,65.17,5,16.6,2,46.66,0
3,33.18,5,1.0,3,49.74,1
3,60.37,0,1.0,2,90.95,0
6,86.96,5,4.67,2,71.18,1
2,43.79,4,8.91,5,50.3,1
2,24.34,2,14.93,1,38.28,0
3,96.43,5,1.0,3,74.62,1
3,69.85,1,1.0,1,80.29,0
3,35.61,4,2.23,4,44.69,1
2,39.82,1,12.68,2,39.69,0
2,67.03,4,21.99,3,44.35,0
2,80.92,4,2.95,4,23.11,1
8,48.0,2,14.58,4,35.19,0
2,68.78,2,25.39,1,44.3,0
6,26.7,1,13.24,4,35.05,1
2,49.46,5,7.73,3,70.0,1
3,49.18,9,9.37,2,79.25,1
6,28.14,3,7.22,3,52.53,1
4,43.93,0,11.32,5,41.21,1
2,21.57,3,1.0,0,13.33,1
4,0.0,3,5.5,1,55.79,1
3,49.25,1,1.0,2,54.69,1
2,63.59,3,1.0,4,42.83,1
4,21.68,3,1.0,3,32.26,1
1,58.42,2,10.78,1,33.02,0
3,41.12,2,5.41,8,43.01,0
2,75.32,5,3.24,1,46.72,1
0,56.32,2,3.34,3,35.17,0
4,23.15,2,10.3,0,69.51,0
2,85.46,2,12.86,3,97.89,0
3,49.6,1,1.0,3,20.08,1
3,28.91,2,10.56,3,73.21,0
3,37.55,3,25.22,2,46.69,0
1,32.78,2,19.81,1,39.42,0
3,50.58,2,8.49,1,64.21,0
2,44.58,2,10.24,5,53.77,1
1,34.86,5,18.11,5,39.21,1
1,34.79,3,10.38,6,58.29,0
1,64.65,2,18.47,2,51.08,0
2,23.35,2,25.69,2,30.63,1
4,65.99,6,16.52,3,65.52,1
2,78.4,3,9.28,2,40.21,0
3,63.28,4,8.47,2,36.61,1
3,80.43,4,15.15,1,35.87,0
1,63.67,4,13.6,1,65.73,0
6,64.49,3,11.43,4,22.3,0
4,58.18,3,3.97,1,51.96,0
1,48.0,5,15.81,7,46.74,1
3,65.99,5,1.0,4,52.1,0
2,16.42,3,11.73,6,67.1,1
2,72.56,0,15.07,7,46.0,0
5,43.23,5,4.19,3,90.32,1
1,75.1,3,7.46,4,34.72,1
2,62.94,1,6.9,4,35.45,0
3,23.22,2,1.0,3,45.38,0
2,59.79,2,9.07,6,29.99,1
3,71.73,4,3.24,6,53.37,1
5,64.29,4,9.65,3,66.2,0
3,31.55,5,6.25,0,60.66,1
0,70.52,5,1.0,2,65.22,0
2,50.77,3,11.94,2,25.0,0
1,24.66,1,15.26,1,30.59,0
1,40.65,4,9.34,1,29.08,0
2,93.47,1,6.39,1,75.12,0
4,69.66,4,10.22,4,35.27,0
1,46.14,2,16.9,4,62.44,0
4,46.75,3,11.13,2,61.28,1
2,49.62,0,6.68,1,55.96,0
3,36.92,3,11.59,8,23.5,1
3,34.87,5,22.82,3,77.55,0
0,74.36,6,21.18,2,68.18,0
4,64.9,1,1.0,3,40.79,0
0,56.98,2,5.73,1,22.22,0
5,26.48,1,18.32,2,42.63,1
4,59.77,2,16.24,1,21.1,0
4,35.18,2,12.44,0,44.53,1
4,52.05,2,1.0,2,52.66,1
3,48.7,3,4.31,4,49.19,1
3,43.92,7,1.41,1,72.46,0
3,28.97,2,26.75,4,71.43,1
4,86.01,1,26.48,3,66.26,0
3,27.45,4,8.0,7,42.75,1
1,47.65,1,1.0,5,58.68,0
3,25.46,2,17.03,3,56.05,1
4,49.44,4,1.0,0,66.27,0
7,21.67,2,17.15,4,60.22,0
6,59.12,1,10.31,3,49.43,0
4,48.89,4,13.06,1,54.06,1
2,70.26,2,6.75,1,70.24,0
2,55.35,3,7.31,5,69.05,0
3,86.68,2,1.0,3,64.0,0
4,24.98,7,25.74,2,6.73,1
1,51.11,1,13.14,4,74.79,0
4,41.97,2,3.78,7,31.64,1
3,44.49,3,16.99,6,48.52,1
3,66.57,4,22.72,2,61.81,0
4,41.89,4,15.1,8,85.56,1
3,53.1,2,1.0,4,34.54,1
1,61.51,4,12.38,1,20.16,0
3,74.79,0,1.0,4,28.88,0
2,28.49,2,1.0,5,4.26,1
5,48.61,3,4.67,6,74.27,1
2,39.7,5,9.99,2,26.52,1
5,79.97,1,9.61,2,17.0,0
3,57.62,4,25.87,2,31.2,1
4,49.22,3,5.89,3,80.26,0
4,45.12,3,3.29,1,56.97,0
1,31.32,4,3.2,2,54.46,1
1,36.97,2,1.14,1,25.85,0
1,25.51,3,4.58,2,78.83,0
3,38.65,3,20.33,7,42.33,0
2,45.0,1,20.08,2,13.72,0
6,73.38,3,2.78,1,47.95,1
2,45.67,4,20.61,3,49.37,0
3,65.42,2,11.78,4,27.71,0
7,68.42,3,22.8,3,56.41,0
4,47.24,3,13.73,3,46.56,1
1,35.91,3,14.9,2,40.28,0
5,100.0,4,7.19,3,57.8,0
4,39.29,8,13.17,3,36.23,1
5,37.04,1,6.5,5,60.73,1
5,49.07,1,20.24,5,18.66,1
0,37.71,4,7.0,3,65.12,0
4,24.51,4,18.71,4,0.0,1
3,52.38,2,12.78,4,78.41,0
3,66.48,4,4.6,6,83.27,1
2,58.69,2,13.12,3,83.12,0
5,37.84,3,6.41,2,78.3,0
1,50.0,3,13.23,6,54.47,0
4,89.39,2,15.73,3,37.99,1
4,36.17,2,15.88,4,22.37,1
3,77.79,2,7.39,0,55.69,0
3,73.01,4,19.8,3,75.37,1
0,25.47,4,3.69,1,25.37,0
1,52.28,3,17.3,3,48.28,1
0,46.43,1,24.41,1,70.31,0
3,62.32,2,20.81,5,42.31,0
2,33.88,2,6.18,0,91.93,0
6,60.03,3,5.4,2,54.14,0
2,41.25,2,19.17,4,41.81,1
1,28.27,5,12.52,3,36.09,0
7,72.37,1,22.54,4,29.44,1
4,96.47,6,8.16,0,66.77,0
4,61.27,4,7.15,4,64.13,1
3,46.59,3,9.74,5,15.42,1
2,32.17,2,12.71,4,35.76,0
4,46.12,0,4.91,2,28.48,0
3,39.45,2,16.9,3,57.05,0
7,21.01,1,14.02,2,46.66,0
3,70.51,0,1.0,5,49.14,0
1,48.74,3,4.68,2,43.32,1
2,33.37,3,9.97,2,72.52,0
0,56.56,6,5.71,1,62.43,0
2,26.17,4,1.0,1,64.39,0
4,48.57,6,18.53,6,42.48,1
4,68.14,3,4.82,4,10.13,1
1,57.29,2,5.51,6,54.28,1
3,38.13,2,6.06,1,21.35,1
5,49.58,5,7.78,0,49.75,1
3,43.95,3,1.0,0,25.61,1
1,28.71,1,13.23,4,42.86,1
3,68.89,2,20.42,4,31.6,0
3,68.91,1,12.05,2,63.21,0
2,38.74,3,11.24,5,32.44,1
5,47.45,7,1.0,1,100.0,1
7,58.89,4,7.16,4,50.27,1
2,22.29,1,18.22,3,27.93,1
4,79.68,4,15.53,3,29.4,0
4,37.77,6,2.84,5,64.67,1
1,50.18,3,2.62,4,73.91,0
2,87.92,2,6.5,5,38.86,0
0,32.76,2,3.82,6,64.55,1
2,44.2,1,9.34,2,0.0,1
4,67.95,2,7.04,3,74.09,0
1,62.61,1,4.23,2,91.04,0
4,75.77,2,1.0,4,37.79,1
2,58.39,4,13.67,1,48.88,1
1,67.34,2,11.57,2,53.83,1
0,25.05,2,8.06,2,52.38,0
1,57.98,2,5.25,2,49.05,1
4,36.96,2,1.0,2,9.12,1
3,40.13,2,14.85,4,24.43,1
4,46.28,3,9.95,4,38.16,1
6,82.48,3,7.94,1,62.56,0
4,37.11,3,8.64,5,56.11,1
2,29.34,2,14.86,2,44.08,0
6,37.03,0,14.83,3,38.46,0
5,25.2,2,10.57,8,53.65,1
8,70.87,5,19.5,2,47.39,1
2,61.58,3,18.48,4,64.23,0
2,53.5,2,11.53,3,54.29,1
4,44.8,1,11.8,2,57.76,0
0,53.88,5,13.56,2,40.17,0
0,80.1,1,16.7,5,37.21,0
6,45.38,1,13.27,1,50.67,1
1,94.16,2,18.0,6,48.31,0
2,90.83,4,5.73,3,55.94,1
2,68.36,1,1.0,3,58.94,0
8,27.34,3,1.0,4,42.5,1
6,69.72,2,9.59,1,29.7,0
2,40.02,3,1.45,4,43.62,1
5,28.18,2,11.81,3,69.88,1
3,61.85,2,17.71,2,46.69,0
2,78.01,3,10.65,0,67.16,0
6,85.46,2,8.71,8,33.96,1
1,26.73,3,18.12,1,70.81,0
1,73.44,5,15.35,3,33.82,1
5,57.61,3,8.56,2,92.95,0
4,53.88,2,17.67,2,59.75,0
0,40.25,2,2.89,1,39.56,0
3,26.35,2,16.9,2,61.86,1
1,82.26,5,23.17,3,39.36,0
5,52.25,2,4.15,5,64.03,1
4,14.28,6,6.44,2,32.97,1
4,59.46,4,17.12,4,45.41,0
1,52.97,3,19.1,1,44.73,0
2,56.45,2,9.0,2,27.8,0
5,62.51,4,4.24,4,32.1,1
1,20.89,4,3.74,3,83.01,0
1,92.07,4,6.07,3,81.68,0
3,100.0,4,23.38,2,52.12,1
2,52.09,2,9.51,0,59.86,0
4,76.69,2,16.22,1,57.53,0
5,40.82,5,1.0,5,18.01,1
2,45.03,6,7.89,2,22.72,1
4,27.15,3,14.58,2,35.09,1
2,65.03,4,13.69,5,37.48,0
4,56.63,3,1.78,6,49.12,1
4,65.9,3,14.98,1,55.43,1
4,44.32,3,9.97,1,51.26,0
3,45.62,1,20.41,4,49.15,0
1,70.1,4,5.7,3,0.0,0
4,64.91,2,16.88,4,86.5,1
3,30.95,3,1.35,2,24.88,1
4,53.61,5,30.65,2,52.6,0
3,51.58,2,9.45,0,65.5,0
2,49.67,2,11.43,4,21.75,0
4,52.97,3,25.85,3,25.08,0
3,61.8,1,17.42,1,45.16,0
4,49.91,2,13.57,0,39.51,0
5,43.58,1,15.3,1,22.88,0
1,57.36,2,1.0,2,25.72,1
1,80.58,3,18.35,4,76.55,0
3,25.35,0,1.0,4,48.92,1
7,83.9,4,7.6,5,15.37,1
1,52.53,2,26.97,5,55.37,0
5,29.94,5,4.06,1,19.46,1
4,50.39,1,11.67,4,55.36,1
3,50.2,2,9.79,7,64.61,0
1,66.66,5,19.47,3,49.09,0
2,56.32,1,1.0,1,31.7,0
3,73.83,2,9.93,5,50.87,0
3,72.51,5,21.87,4,78.76,1
2,61.61,4,15.25,2,56.96,0
3,52.36,4,7.1,3,42.79,1
4,62.54,4,6.8,2,68.46,0
3,35.01,7,15.55,4,44.08,1
1,92.73,3,20.96,3,70.68,0
2,54.25,3,1.0,2,85.29,0
5,25.13,3,14.21,4,42.63,1
3,83.17,4,7.79,3,46.67,1
4,54.33,5,1.0,2,61.66,0
1,52.13,2,17.34,3,87.23,0
1,25.65,3,18.33,4,78.44,0
1,39.24,7,24.66,3,0.6,0
5,33.69,3,11.39,4,49.73,1
2,26.53,1,3.05,5,45.5,1
2,34.52,3,1.65,4,6.14,1
4,34.29,2,28.13,2,69.42,0
0,47.08,0,28.21,0,47.05,0
3,83.72,2,27.58,2,34.13,0
0,87.02,3,1.0,5,68.49,0
1,66.27,6,7.09,7,29.9,1
5,32.23,0,4.48,1,35.24,1
3,53.18,2,8.93,0,54.63,0
2,81.81,2,20.16,0,36.82,0
3,70.14,2,1.0,3,47.79,0
5,33.0,1,5.48,3,69.14,0
5,71.01,4,13.51,2,59.52,0
1,44.22,2,8.6,6,33.3,1
5,48.49,5,3.34,2,20.92,0
1,49.05,3,11.05,1,52.25,0
2,48.63,2,10.24,2,33.51,0
3,43.92,0,1.0,6,52.02,1
8,28.56,3,17.16,4,27.89,1
2,62.67,10,5.94,1,67.79,1
1,53.81,3,15.33,3,49.95,0
5,68.92,5,8.86,2,56.49,1
3,51.56,2,6.35,4,56.61,0
6,59.45,2,7.12,4,31.28,1
6,31.86,3,8.26,3,51.71,1
3,23.3,4,14.48,3,77.63,1
3,19.49,0,2.26,4,19.86,1
3,53.61,2,11.33,2,68.89,1
2,54.16,6,9.22,3,39.29,1
3,11.73,5,1.0,1,36.99,1
2,34.03,6,17.17,4,46.45,1
5,37.19,2,11.56,3,35.63,0
1,53.87,2,4.06,2,86.74,0
0,43.78,2,4.65,2,60.04,1
1,73.68,1,15.05,1,92.91,0
1,51.56,4,21.47,3,77.3,1
3,63.09,3,6.86,2,39.42,0
1,42.74,4,7.76,4,53.86,0
2,34.8,5,20.54,3,57.99,0
3,48.16,3,5.12,4,44.02,1
0,41.29,4,6.08,3,86.39,1
3,64.01,1,1.0,0,72.67,0
1,64.27,4,7.87,1,66.91,0
1,52.0,3,25.56,3,55.0,0
2,68.23,6,17.47,2,59.29,0
1,31.06,2,7.6,3,32.1,0
3,39.89,2,8.93,1,53.52,0
1,35.98,5,25.19,2,92.79,0
3,51.68,4,10.38,1,61.62,0
6,55.18,2,10.47,1,49.37,0
0,55.74,4,5.24,4,31.16,1
2,56.77,4,4.38,3,38.26,1
6,65.1,3,9.62,1,40.35,1
3,57.73,5,1.0,2,8.5,1
4,59.76,2,21.06,4,47.27,1
1,73.99,4,16.13,2,16.28,0
2,18.01,4,10.14,3,63.57,1
5,46.52,3,4.91,1,56.62,0
6,72.49,4,10.66,9,64.33,1
1,43.93,4,12.22,3,54.18,1
2,56.15,3,16.31,0,55.17,1
3,51.1,1,1.0,3,94.24,0
2,42.94,1,2.92,3,72.32,0
5,53.69,6,8.61,1,7.03,1
5,46.68,5,1.0,3,52.98,1
4,43.82,3,1.0,2,67.85,1
4,42.48,0,5.11,4,55.71,1
1,61.32,4,6.86,3,38.18,1
3,82.34,3,4.81,6,42.04,1
4,46.18,5,1.12,1,51.45,0
3,61.17,3,6.3,2,61.27,1
8,67.48,8,1.0,2,61.73,1
1,57.87,2,2.67,5,29.32,1
0,29.71,6,3.42,1,44.05,0
3,43.42,2,16.04,1,68.7,1
7,35.83,1,16.57,3,44.96,0
2,41.33,2,23.57,2,69.22,1
4,39.12,7,13.19,4,36.75,1
2,42.07,2,8.53,3,96.34,0
3,30.11,5,3.04,2,44.59,1
2,12.56,1,14.46,1,61.5,0
1,43.13,3,3.44,2,88.79,0
2,47.79,1,10.91,3,36.69,1
1,55.14,1,16.32,5,32.56,1
5,43.12,3,1.0,0,54.84,0
2,41.79,5,1.0,3,26.36,1
1,18.69,3,2.44,0,75.69,0
4,19.59,2,8.76,3,37.07,1
1,31.6,2,1.03,3,17.26,0
1,60.57,4,7.48,3,70.39,0
3,81.28,1,13.62,4,31.99,0
1,50.52,4,1.0,6,60.26,0
3,59.88,2,10.06,2,33.89,0
2,41.34,1,4.71,2,48.9,1
3,32.78,4,21.1,1,27.03,1
2,46.29,5,1.79,2,64.62,0
1,72.23,4,19.22,7,56.16,0
0,58.77,4,10.17,3,100.0,0
4,53.2,3,4.53,4,89.75,1
1,27.31,2,4.88,0,51.42,0
1,67.19,3,1.79,1,34.01,0
2,67.38,1,2.69,3,69.22,1
3,65.73,6,2.71,4,58.66,1
1,56.64,0,1.21,1,67.96,0
4,57.74,5,10.93,1,46.3,0
2,62.05,1,1.0,3,39.28,1
2,54.02,1,4.85,3,82.95,0
4,45.79,5,7.55,3,70.09,0
1,26.77,1,5.63,2,82.96,0
0,64.69,7,15.98,4,46.96,0
8,44.0,5,15.44,3,52.37,1
4,38.83,1,16.36,1,21.4,1
3,38.01,2,23.96,3,32.9,1
2,48.72,3,3.69,3,56.87,1
3,43.64,3,16.33,1,50.32,0
2,23.83,4,22.47,6,54.64,1
4,63.68,4,12.25,5,42.18,1
1,61.36,1,1.16,2,71.74,0
2,50.77,3,16.43,1,42.88,0
2,61.68,5,1.0,3,61.88,1
2,27.39,2,10.35,2,54.06,1
10,41.78,5,4.46,3,56.03,1
2,86.59,4,7.99,4,63.2,0
2,64.67,4,4.16,1,55.82,0
0,28.95,2,1.0,5,71.38,1
2,67.51,2,4.22,4,53.94,1
2,55.32,7,7.54,1,51.64,1
1,44.25,4,23.97,4,31.86,0
4,42.43,3,15.16,4,25.45,0
3,56.58,4,11.12,3,60.21,0
1,41.19,3,1.0,2,25.48,1
1,34.38,4,2.43,4,29.47,0
5,68.32,4,13.76,5,15.47,1
3,68.85,2,14.07,2,47.17,0
4,41.05,3,10.65,2,68.46,0
5,62.24,2,3.4,0,42.62,1
3,31.02,5,13.27,3,13.29,1
3,44.43,2,4.3,2,74.63,0
8,35.65,3,26.08,3,43.33,1
0,41.48,4,16.75,0,62.01,1
5,76.36,2,2.8,0,45.93,0
2,36.73,1,11.04,1,61.6,0
5,76.9,4,8.07,2,39.08,1
4,36.54,3,1.0,3,47.49,1
3,60.72,1,10.34,1,65.04,0
4,44.05,5,4.28,3,44.4,1
3,40.4,6,1.0,1,68.18,0
4,76.64,2,19.39,2,63.92,0
1,55.57,6,15.22,4,40.05,0
0,16.27,3,17.32,4,65.32,0
2,23.46,2,1.0,2,8.96,1
3,52.64,1,9.03,3,90.04,0
2,60.54,3,8.69,1,61.51,0
1,38.83,5,6.21,2,46.72,1
4,28.66,2,1.0,3,69.75,1
3,13.53,2,4.86,4,39.53,1
0,68.48,1,12.56,3,70.26,0
5,54.43,3,13.14,3,31.0,0
5,35.43,3,14.5,2,55.72,1
1,52.04,3,18.3,3,74.24,0
3,22.25,3,12.43,3,69.88,0
3,45.27,4,5.8,0,25.18,1
1,65.95,4,1.0,1,67.05,1
4,22.14,4,15.38,4,35.12,1
2,59.13,0,7.26,5,38.92,0
5,16.8,1,3.65,6,64.97,1
0,40.93,5,23.13,3,21.7,1
6,24.08,0,30.74,2,100.0,0
3,50.14,2,14.76,4,57.54,1
3,53.5,2,12.11,3,43.51,1
4,66.15,2,3.27,4,13.39,0
0,51.71,3,5.12,4,62.75,1
6,21.07,4,4.53,4,70.97,1
3,24.49,0,16.0,6,72.49,1
3,67.96,3,17.64,3,59.12,1
1,77.93,2,1.0,1,85.87,0
2,28.42,0,19.26,5,57.9,0
3,80.5,3,8.32,3,32.18,1
2,47.23,3,1.0,4,38.6,1
2,47.25,1,2.81,4,75.66,0
1,66.59,3,17.27,6,60.41,0
3,64.76,5,9.49,2,66.74,0
6,46.12,1,13.51,3,37.72,1
1,46.69,3,6.09,2,74.93,1
9,94.74,2,5.86,1,28.65,1
2,88.69,4,14.51,2,32.47,0
6,95.07,1,14.02,3,49.67,0
1,53.58,2,3.82,3,83.59,0
4,80.62,0,10.52,5,45.49,0
3,66.33,0,11.32,4,71.94,0
4,58.67,6,6.28,2,57.07,1
1,23.72,4,1.0,0,29.24,1
5,76.94,1,14.92,1,62.39,0
1,72.74,2,17.11,2,10.32,0
2,34.65,4,8.9,3,35.65,0
2,69.6,4,21.25,2,85.07,0
4,84.72,1,15.41,1,48.93,0
1,60.68,2,9.84,4,23.57,0
3,100.0,5,30.69,3,48.8,0
3,52.84,3,9.76,3,30.66,0
2,54.94,3,20.29,0,9.61,0
1,43.38,1,20.5,5,44.79,0
1,44.3,1,21.03,2,46.5,0
7,56.57,3,9.83,1,50.54,0
5,42.86,2,19.88,5,40.86,1
3,50.85,5,12.51,5,58.41,1
1,80.96,3,14.57,3,26.19,0
3,25.69,2,9.57,2,41.38,1
3,13.93,3,13.96,3,49.32,0
4,60.05,2,13.21,2,30.5,0
6,37.38,1,7.04,1,82.32,1
3,49.35,3,3.22,2,26.18,0
1,52.72,6,14.68,4,58.65,1
5,32.35,4,20.17,2,58.25,1
4,66.9,4,11.28,0,33.34,1
3,48.02,1,3.27,3,51.24,1
0,73.69,3,11.86,2,31.9,1
2,54.17,3,8.09,1,71.79,1
1,39.75,4,7.98,1,47.41,0
1,49.87,5,21.56,1,48.29,0
2,54.97,0,22.28,3,68.81,0
9,28.88,4,10.69,3,53.67,1
4,42.34,2,19.23,4,63.38,1
1,42.3,1,5.98,3,41.97,0
1,45.2,4,17.28,3,25.33,0
8,50.89,2,13.3,0,69.64,1
5,46.81,4,20.2,2,32.47,0
3,46.38,3,7.17,5,40.48,1
4,41.84,3,24.79,3,49.31,1
6,14.46,0,5.45,1,69.75,1
4,73.17,4,1.0,7,52.56,1
3,43.1,3,10.09,2,62.45,0
1,71.8,2,14.15,1,70.1,0
4,59.06,1,11.34,2,51.61,0
3,60.75,3,9.14,3,45.22,0
3,39.08,3,6.67,7,46.72,1
1,41.39,1,1.0,3,35.08,1
5,45.15,2,16.42,6,62.56,0
3,20.67,3,1.0,3,54.46,1
8,20.93,5,12.65,7,51.09,1
2,81.32,5,5.24,1,39.08,0
5,39.36,2,7.28,1,7.46,1
3,29.64,2,7.13,7,88.52,0
4,48.79,5,6.68,4,48.06,1
3,66.26,1,12.03,3,53.83,0
3,65.1,5,12.14,2,74.78,0
4,62.36,1,25.89,1,46.79,0
1,69.03,3,2.08,4,45.01,0
3,83.71,4,7.73,1,29.61,1
2,63.6,3,13.95,10,38.88,1
3,84.44,0,13.83,3,54.79,0
2,42.14,0,14.48,4,63.21,0
4,66.85,4,9.37,2,33.17,1
5,44.97,5,7.51,7,37.04,1
2,49.42,2,9.56,4,65.97,1
5,49.72,2,14.5,4,49.34,1
3,66.61,5,11.88,4,46.34,1
2,43.78,5,7.88,2,65.19,0
0,92.54,6,18.3,2,58.79,0
0,77.05,4,23.57,5,44.85,0
4,39.6,2,9.92,2,60.94,0
4,43.08,1,14.11,4,67.5,0
2,32.52,4,1.0,5,70.57,1
6,40.35,4,12.88,2,73.59,1
5,71.16,0,14.98,1,24.0,0
3,28.29,4,6.54,0,53.06,1
3,46.83,5,14.47,4,70.48,0
2,63.5,1,3.73,2,77.77,0
1,47.24,6,8.87,4,55.79,1
7,36.59,1,14.14,3,48.82,1
4,32.66,3,1.0,1,54.84,0
2,69.74,2,9.35,6,82.16,0
4,61.89,7,3.5,4,46.95,1
4,6.0,2,1.0,2,50.68,0
1,77.31,6,11.97,2,20.9,1
1,33.26,6,13.18,2,100.0,0
4,37.41,2,7.51,1,50.18,0
5,63.46,1,10.38,2,54.57,0
5,79.35,3,2.33,5,39.65,0
6,55.78,1,17.04,0,38.26,1
1,27.63,4,16.57,2,24.16,1
8,66.09,4,1.0,3,36.64,1
2,27.41,7,6.17,1,33.86,1
6,23.89,4,1.0,0,62.93,1
2,43.7,3,13.43,5,49.08,1
5,55.23,3,13.33,2,44.08,0
4,58.55,7,7.97,4,50.52,1
1,62.3,1,1.77,2,53.83,0
3,5.87,3,10.37,3,51.24,1
3,33.29,2,2.85,1,60.56,0
4,45.54,4,9.3,4,49.13,1
1,30.08,5,5.17,2,19.79,1
2,16.34,5,1.0,1,38.31,1
3,43.77,5,1.0,1,47.72,1
8,53.37,2,7.16,4,58.32,1
3,16.58,4,7.92,1,38.33,1
6,58.99,3,1.0,2,49.89,1
0,11.27,4,14.57,4,38.15,1
