order_value,item_count,discount_pct,customer_return_rate,delivery_days,category_risk,target
167.23,0,56.44,47.39,9,5,1
252.38,0,77.75,18.12,3,2,1
43.0,2,36.74,68.95,37,5,0
116.83,3,75.15,41.31,2,5,0
217.44,2,35.47,72.17,49,5,1
319.65,4,57.85,46.31,5,4,1
189.76,0,54.18,63.47,28,3,0
72.79,2,53.01,68.07,34,3,0
114.83,6,76.71,19.92,31,2,1
205.05,2,57.83,65.28,26,1,1
131.33,1,42.69,61.73,53,3,1
85.94,4,37.84,60.93,0,2,0
117.73,2,52.48,16.99,25,3,1
211.32,7,96.59,34.06,38,4,1
131.74,1,88.33,35.01,37,1,1
457.84,3,79.46,54.41,25,5,1
255.92,2,50.44,53.4,36,3,1
160.29,0,21.3,42.42,35,3,0
326.72,0,50.13,73.63,26,3,1
118.45,2,56.89,45.51,30,2,1
67.08,5,42.51,69.31,22,3,0
170.26,2,43.1,43.18,13,1,1
272.76,1,35.21,44.21,18,3,0
99.85,1,24.92,55.44,40,5,0
157.91,2,59.18,60.95,13,1,1
128.22,2,77.53,60.7,46,5,1
432.78,6,49.53,44.06,4,1,1
130.07,3,55.42,49.93,4,3,0
124.71,7,59.93,79.53,22,3,0
74.9,3,41.44,12.12,59,5,1
77.83,4,66.32,75.22,44,1,1
73.67,0,35.85,51.65,60,1,1
191.04,1,29.59,11.96,21,3,0
68.11,3,61.04,67.82,20,3,1
376.61,4,32.39,32.87,15,1,1
386.77,3,77.76,48.48,37,5,1
246.06,2,32.17,60.04,29,2,1
145.03,3,41.27,44.2,48,3,1
208.96,1,49.63,42.39,49,3,1
346.94,1,73.3,50.61,55,4,1
126.69,0,28.66,43.66,55,3,1
87.38,3,37.96,55.68,20,5,0
64.87,1,28.61,53.27,16,3,0
224.8,4,46.18,67.4,42,1,1
98.43,2,92.09,37.36,6,4,1
109.83,1,45.25,40.39,2,1,0
110.65,3,31.55,33.27,40,2,0
201.69,4,58.77,69.32,51,3,0
100.46,3,39.12,72.47,0,4,0
110.73,1,39.17,69.51,24,1,1
344.85,4,35.7,57.84,36,4,0
81.68,5,42.65,50.75,49,2,1
125.35,4,21.37,53.73,7,1,1
239.67,2,46.01,55.51,46,4,1
164.68,5,64.4,64.54,40,4,0
627.78,5,36.29,44.38,32,3,1
122.97,5,56.12,49.72,3,2,0
180.61,4,40.55,35.23,21,2,0
297.63,1,64.25,60.45,22,1,1
97.3,3,86.45,34.04,30,1,1
624.23,2,66.3,85.53,42,4,1
148.9,5,31.67,49.01,48,3,0
80.57,2,35.85,70.93,7,4,0
377.73,5,65.82,59.55,57,5,0
96.2,4,47.42,74.73,1,4,0
134.26,4,17.74,43.5,35,4,0
80.72,1,57.41,42.38,14,3,1
362.45,2,42.97,60.13,12,4,0
172.29,3,39.65,32.8,53,2,1
110.15,4,51.86,50.46,16,4,0
154.87,5,80.65,58.64,10,3,1
64.0,3,34.98,14.34,35,3,1
121.91,3,0.0,40.14,1,1,0
94.71,3,35.66,56.51,44,1,1
200.42,3,79.46,62.19,34,2,1
392.63,6,54.79,46.73,4,5,0
170.22,6,6.42,35.8,23,5,0
212.19,3,19.63,69.85,0,1,1
94.68,1,37.06,56.23,45,3,1
38.42,5,69.48,44.84,9,3,0
57.92,3,100.0,50.69,35,3,1
241.19,5,48.33,35.54,33,1,1
83.47,3,82.5,46.68,9,4,0
249.3,0,28.14,37.48,7,3,1
78.16,1,45.58,63.0,60,5,0
146.62,4,38.75,64.08,45,2,0
116.12,7,83.5,67.93,59,5,0
98.62,7,100.0,58.55,19,4,0
440.5,2,55.67,65.08,41,4,1
72.13,3,81.82,38.72,48,3,0
89.36,4,55.75,45.13,13,5,0
203.8,1,42.17,45.1,39,4,0
290.94,2,50.6,54.53,36,5,0
526.34,2,17.31,33.52,44,3,0
473.69,2,47.82,72.18,32,5,0
173.52,1,64.02,5.66,1,3,1
168.2,3,25.51,63.83,11,4,0
140.73,6,55.82,54.0,19,3,0
77.95,5,59.48,56.02,23,4,0
87.24,5,65.33,32.62,10,1,1
107.97,2,35.01,88.43,55,5,1
856.93,0,69.28,53.41,32,1,1
57.11,1,52.65,61.48,15,2,1
146.09,0,34.87,26.67,21,1,1
105.81,3,28.97,42.89,19,5,0
29.31,4,12.7,34.34,57,1,1
33.02,4,51.32,45.5,59,5,0
146.55,3,69.35,47.3,46,4,1
372.49,2,82.84,20.61,24,2,1
35.33,5,47.7,53.35,50,4,1
233.58,1,4.16,56.73,47,1,0
155.32,1,68.35,64.57,39,1,1
208.23,2,79.59,54.44,8,1,1
253.35,6,26.01,7.2,9,3,1
45.2,6,39.62,54.54,43,5,0
100.38,2,39.78,57.02,50,2,0
97.28,4,56.73,49.68,18,1,1
239.27,0,63.91,76.55,6,2,1
164.58,2,53.33,74.27,5,3,0
316.45,5,38.65,57.19,40,3,1
162.86,3,54.49,72.31,47,1,0
408.36,5,67.13,79.6,43,4,0
197.07,6,88.07,71.81,10,2,0
84.15,7,49.46,64.96,6,4,0
250.53,2,49.98,44.37,49,2,1
142.61,2,68.96,63.2,30,1,1
85.1,3,45.63,53.37,45,5,1
41.29,3,18.92,47.59,18,2,1
255.29,4,44.51,50.0,27,2,1
129.42,2,75.21,48.38,17,5,1
108.89,1,51.16,61.02,11,1,0
161.7,3,73.67,25.46,27,5,1
82.95,0,63.0,77.7,28,4,0
110.86,3,30.83,65.11,24,4,0
59.33,4,50.26,19.07,35,3,1
157.89,2,1.49,45.21,52,4,1
54.05,4,35.96,41.59,59,3,1
137.13,2,40.77,62.96,16,4,0
268.12,4,70.75,62.75,33,4,0
510.51,2,56.02,20.36,52,2,1
25.52,3,54.83,49.28,1,3,0
515.51,4,83.83,52.25,1,1,1
22.38,2,35.31,62.32,42,4,1
271.46,4,42.02,53.95,59,2,1
44.08,2,0.0,33.89,1,1,0
97.3,2,34.61,70.57,19,2,1
82.95,3,43.87,66.38,38,4,1
77.29,4,34.0,0.0,10,1,1
260.17,3,58.42,57.89,24,5,0
232.13,6,29.7,57.08,5,1,0
120.82,0,38.3,40.54,52,5,1
178.19,2,49.79,53.95,6,3,0
97.09,4,63.97,52.25,17,5,1
110.69,4,56.8,33.87,41,4,0
115.74,3,29.3,24.37,13,4,0
315.42,3,56.09,59.5,26,4,1
257.55,1,9.16,38.24,35,3,0
165.17,3,72.32,53.24,47,1,0
61.3,3,24.94,49.91,58,4,1
305.66,2,27.76,53.64,17,1,1
189.29,1,58.67,22.32,53,3,1
222.49,3,24.95,30.17,8,2,0
155.36,5,42.17,62.81,17,5,0
57.86,1,40.8,31.67,43,4,1
127.23,4,74.51,95.91,60,1,0
211.05,3,54.26,29.06,5,1,0
514.44,5,66.74,41.8,9,5,0
62.85,6,25.51,39.61,51,4,1
70.62,6,31.2,61.35,28,5,0
192.5,2,55.28,32.84,1,3,1
156.97,2,57.29,40.19,52,1,1
112.0,3,54.04,42.98,33,4,1
82.18,2,72.36,65.22,29,2,1
52.0,2,5.01,56.69,43,1,1
126.55,1,54.89,31.71,59,3,0
244.39,5,33.02,4.39,4,1,0
126.26,5,21.35,44.6,57,5,1
95.69,1,18.89,21.83,15,5,0
128.51,3,60.63,35.41,53,1,0
42.37,5,50.77,46.68,38,2,0
176.62,0,63.53,29.04,58,4,1
290.09,1,44.1,56.14,57,4,0
442.24,2,28.93,27.62,6,5,0
17.41,7,70.62,49.6,14,3,0
517.91,6,69.6,63.34,42,2,0
61.43,3,26.94,36.89,17,3,0
42.06,3,58.7,60.1,45,1,0
259.0,2,39.08,48.96,35,1,1
185.84,4,30.98,62.78,23,3,0
411.81,1,15.23,55.27,7,4,1
251.03,4,29.8,40.18,56,3,1
339.18,2,43.89,25.77,58,4,1
168.65,2,57.53,20.69,33,5,1
671.22,3,58.56,60.0,50,3,1
93.59,3,93.11,69.54,55,1,1
93.64,2,69.58,38.53,31,1,1
101.65,7,61.06,21.21,26,4,0
80.26,2,64.44,28.23,9,3,1
58.2,3,36.09,31.83,1,4,0
264.41,2,55.29,40.51,60,1,1
162.88,0,19.33,49.1,50,3,0
397.55,1,94.6,73.1,11,5,0
324.96,2,35.33,71.58,2,5,0
547.9,2,92.56,70.86,51,1,1
251.58,3,78.6,48.45,26,1,1
13.07,2,25.63,55.85,19,3,0
125.14,8,46.76,37.55,60,4,0
59.81,3,74.38,51.48,23,1,0
51.95,5,23.67,59.55,59,3,0
44.1,1,55.26,21.69,16,4,0
364.93,6,43.22,55.76,8,2,0
100.59,3,14.25,18.53,45,3,0
359.03,3,45.13,66.06,48,1,0
82.8,5,28.62,53.56,9,2,0
186.94,4,56.95,81.42,34,2,1
135.41,4,27.76,45.06,21,3,0
251.62,2,21.1,41.56,32,1,0
295.83,0,47.18,80.63,31,3,0
420.94,2,62.69,28.05,50,4,1
48.13,4,59.58,48.24,51,4,0
555.0,4,70.41,92.46,10,1,1
75.63,1,54.19,33.06,12,2,0
150.43,4,47.42,50.05,44,3,0
526.01,4,36.08,72.81,1,4,0
279.3,6,69.83,84.13,30,4,1
58.08,2,27.89,54.81,17,3,0
93.44,2,20.37,70.22,58,3,1
73.65,1,68.19,43.57,25,3,0
260.46,2,41.2,65.69,49,5,0
51.16,2,9.0,71.4,6,3,0
172.62,2,45.63,77.15,13,5,0
146.08,3,53.81,38.79,54,3,1
222.02,5,67.33,64.81,14,1,0
95.08,3,64.02,34.98,6,3,0
104.93,1,53.65,82.45,25,1,1
131.78,2,36.24,65.32,49,2,1
180.96,4,82.52,73.79,6,3,1
159.3,3,42.82,59.5,55,1,1
125.65,4,58.04,32.53,26,1,1
136.65,1,56.99,37.01,40,2,1
284.71,5,58.84,23.22,1,1,1
146.37,9,31.45,48.8,32,3,0
145.4,1,34.67,63.18,18,4,0
219.28,4,76.96,75.54,13,4,0
237.2,3,43.39,51.41,35,2,1
103.59,1,35.24,63.31,24,1,1
103.45,0,88.88,47.4,16,4,1
556.49,5,54.89,67.78,45,4,0
200.85,5,46.32,52.61,57,5,0
330.17,2,54.52,71.11,24,2,0
225.3,3,50.19,65.08,19,1,1
141.5,4,94.72,86.63,14,5,1
38.89,1,40.79,62.44,38,3,0
219.88,2,30.63,86.05,44,2,1
298.49,2,61.8,65.11,8,3,1
190.63,4,43.45,70.32,5,3,1
119.25,5,70.41,36.85,37,2,0
97.57,1,55.43,62.09,19,5,0
70.08,1,38.33,56.92,36,4,0
195.63,5,62.83,25.85,26,4,0
162.06,2,76.04,22.86,38,2,1
109.39,4,36.06,53.17,11,2,0
202.33,3,25.79,36.45,24,5,1
244.34,3,36.95,53.58,11,4,0
229.64,1,33.04,60.92,3,5,0
428.52,3,52.34,87.69,44,3,1
257.16,6,41.37,34.56,46,5,1
92.94,0,43.99,44.99,39,2,0
86.96,5,48.56,39.78,33,2,1
252.89,5,36.11,54.26,52,3,0
200.07,5,39.89,67.92,42,5,0
213.1,2,43.85,50.94,15,2,0
76.07,4,56.82,66.42,38,1,1
449.19,2,66.66,25.89,24,2,1
96.44,2,27.46,85.66,49,5,1
63.06,3,71.62,79.85,43,3,1
52.23,1,65.72,40.02,24,2,1
161.53,5,87.91,95.02,53,5,0
385.8,3,33.71,97.94,32,3,0
438.94,2,50.54,30.3,46,1,1
55.06,4,65.1,18.29,42,3,1
165.98,4,40.62,40.71,46,3,0
246.76,0,6.21,52.86,25,3,0
49.29,2,50.09,38.96,56,3,0
129.26,2,50.62,55.68,45,5,1
148.1,4,35.78,53.27,18,2,1
167.26,2,47.39,36.22,49,2,1
107.51,5,46.37,62.48,6,4,0
159.33,3,29.53,46.04,50,1,1
323.58,4,35.77,37.81,24,1,1
269.1,6,30.57,37.51,53,5,0
173.41,1,40.93,50.04,21,2,0
68.73,1,56.76,50.94,51,1,1
141.6,3,69.48,48.93,53,5,0
60.07,1,25.57,17.9,49,3,1
132.08,2,30.88,39.24,10,4,0
85.11,4,71.44,76.25,51,4,1
38.81,3,31.35,83.05,48,4,0
232.74,4,72.79,56.86,10,3,0
680.44,0,47.08,23.95,50,2,1
360.6,4,25.68,43.81,60,1,1
212.92,4,55.15,46.39,16,2,1
879.2,0,58.87,72.02,46,1,1
239.32,0,64.59,55.59,35,5,1
357.13,3,54.91,7.65,7,3,0
169.87,5,36.34,64.26,17,5,0
207.1,2,59.31,45.55,42,2,1
118.41,5,41.52,57.99,10,1,0
65.15,2,6.51,41.3,35,1,0
189.99,4,56.56,81.1,34,5,0
112.15,2,71.29,75.31,35,5,0
437.82,2,61.88,51.5,52,5,1
437.88,2,35.86,38.7,46,4,1
210.64,3,52.08,53.98,31,4,1
174.35,6,67.86,68.9,43,4,1
93.14,3,39.97,77.85,36,5,0
119.33,2,70.09,69.42,0,5,0
167.63,4,69.09,29.24,32,2,1
231.77,3,63.68,49.59,34,4,0
52.53,2,52.9,49.71,29,5,1
74.77,3,39.87,50.02,10,2,0
272.49,4,78.12,37.59,48,5,1
124.06,1,69.44,52.99,15,1,1
175.94,4,28.48,56.74,51,4,1
138.63,2,48.17,83.66,14,5,0
205.73,3,32.65,68.62,15,1,1
163.6,3,74.02,58.37,54,5,0
191.39,5,42.0,33.17,21,3,0
310.31,6,0.0,56.07,37,3,0
69.15,2,55.12,60.59,3,3,0
664.97,0,57.23,49.07,9,2,1
136.94,2,55.6,27.6,13,1,0
124.18,2,43.93,68.95,11,2,0
267.17,4,43.84,65.14,3,5,0
42.11,3,52.38,40.57,28,2,1
133.75,3,3.09,60.27,29,3,0
160.54,3,41.36,57.94,60,3,1
839.34,5,67.63,79.08,24,5,1
108.52,3,46.28,47.09,30,4,0
101.33,2,31.15,70.36,25,2,0
338.22,3,26.82,44.88,27,2,1
104.24,3,56.03,20.64,17,2,1
261.45,3,42.15,45.33,49,2,1
71.59,4,59.82,24.91,51,2,1
142.13,3,84.3,87.84,17,1,0
252.02,2,71.43,60.29,48,4,1
22.22,6,87.52,76.79,18,5,0
605.25,4,24.35,36.49,8,4,0
245.49,4,67.96,47.99,8,3,0
203.95,1,43.28,56.19,6,1,0
89.01,5,47.16,66.78,29,2,1
359.01,3,82.97,28.72,48,2,1
125.42,5,33.89,46.87,36,1,0
59.53,2,65.9,54.68,51,3,0
259.77,3,13.09,43.18,36,2,0
348.56,2,75.75,33.32,17,2,1
218.33,2,57.34,30.69,14,2,1
92.86,4,51.58,60.88,29,3,1
121.33,3,16.04,70.47,60,3,0
173.33,4,22.23,46.13,46,3,0
48.49,5,57.48,52.23,35,3,1
24.76,6,55.15,56.58,26,1,1
110.4,5,46.28,86.44,4,4,0
126.87,4,36.76,94.06,17,3,0
114.53,3,32.92,48.07,58,5,0
128.34,3,43.48,35.51,8,1,0
145.24,2,46.77,77.47,53,2,1
94.6,4,93.47,37.65,28,5,1
68.29,5,47.01,48.72,24,2,0
145.23,2,69.15,48.67,29,1,1
107.54,4,35.14,55.7,43,4,0
135.54,1,37.06,72.89,43,4,0
104.49,3,32.63,47.86,4,3,0
125.71,3,61.72,51.97,13,4,0
121.74,6,56.29,0.42,24,2,1
143.09,4,43.6,63.82,34,5,0
126.7,4,48.66,47.33,40,3,1
73.87,6,57.15,9.78,39,3,0
56.67,2,56.61,55.54,20,1,1
113.03,6,53.56,28.32,14,3,0
99.44,2,55.56,30.89,58,5,1
447.45,2,100.0,26.6,0,1,1
189.12,2,43.63,57.39,60,3,0
134.29,3,39.19,27.78,20,2,1
202.12,1,41.11,65.82,34,3,1
76.34,3,47.88,82.9,17,5,0
598.95,3,38.86,75.6,22,2,1
216.76,1,17.81,64.41,50,1,1
149.23,2,21.46,49.23,16,4,0
378.93,5,26.11,34.82,53,5,0
200.6,4,21.05,70.65,49,1,1
332.85,4,27.22,44.39,15,4,1
389.59,8,35.12,74.76,27,5,0
700.87,4,15.44,92.93,14,5,0
172.77,3,40.66,1.97,48,3,1
231.76,2,3.52,31.83,1,1,0
173.17,5,69.42,42.39,5,5,0
179.56,3,55.34,58.17,36,3,0
308.25,3,90.43,46.71,6,1,1
134.69,3,60.11,74.81,31,3,1
558.59,4,77.63,53.17,6,1,1
115.11,2,73.52,53.37,31,1,1
150.6,3,51.23,63.32,28,1,1
262.62,2,47.74,61.01,36,2,0
108.75,4,10.1,34.2,55,1,1
159.91,2,71.64,42.09,55,5,1
315.61,0,43.73,59.02,49,2,1
109.43,2,47.36,17.87,12,2,1
55.66,6,47.28,37.49,4,1,0
353.11,5,45.94,27.87,44,5,0
106.76,0,71.87,47.47,26,3,1
70.26,4,80.22,31.84,7,2,0
177.29,4,61.25,54.75,54,1,1
102.73,4,44.55,31.27,51,2,0
326.72,2,82.64,96.13,44,2,1
43.71,3,63.61,55.26,29,4,1
92.63,3,47.1,50.73,28,1,0
258.98,1,25.69,73.46,39,1,1
145.82,4,62.62,70.76,26,4,0
79.97,3,77.86,61.05,39,2,0
74.57,4,65.92,51.33,10,3,0
37.12,4,62.06,66.44,32,1,0
70.97,4,55.53,32.92,50,4,1
373.22,5,45.62,39.05,27,5,1
527.41,4,100.0,9.43,3,4,1
204.72,7,37.66,58.06,54,3,0
136.12,1,100.0,9.27,21,4,1
76.86,2,74.92,64.66,5,5,0
60.91,0,86.23,57.93,24,1,1
611.01,3,38.1,84.79,23,4,1
193.68,3,6.94,51.65,54,2,1
95.23,2,67.49,0.62,9,2,1
326.89,3,42.66,66.97,43,4,1
134.06,6,81.87,45.67,4,4,0
43.15,5,28.88,36.28,15,1,1
95.59,2,48.23,64.68,27,4,0
79.2,4,47.42,51.76,6,4,0
276.49,4,67.75,14.63,39,1,1
36.33,2,40.96,40.45,54,4,0
157.18,1,54.47,73.78,5,1,0
167.8,2,67.43,82.49,45,4,1
277.08,1,36.46,7.5,59,5,1
113.87,8,46.32,61.39,38,2,0
55.91,3,32.56,82.03,19,5,0
360.69,4,48.42,9.85,16,4,1
156.75,3,46.1,68.91,34,4,1
163.18,0,48.55,30.75,11,1,0
187.57,2,58.67,51.5,14,5,1
69.16,4,65.98,41.21,42,4,0
307.76,2,61.31,79.06,5,2,0
199.54,4,33.49,78.73,16,3,0
393.81,2,41.35,24.03,9,3,0
246.37,4,36.77,70.28,54,3,1
216.77,1,4.95,62.27,4,3,0
241.97,2,39.04,84.83,58,5,0
49.87,1,41.28,22.04,55,4,1
553.79,2,42.74,43.71,32,3,1
207.81,4,72.32,56.97,15,4,1
206.41,3,64.55,9.05,16,3,1
123.86,5,40.16,73.64,4,2,0
140.6,4,84.09,76.28,28,1,1
188.23,4,85.65,72.15,23,1,0
164.0,2,76.98,39.43,59,5,1
107.28,3,71.72,81.41,58,5,0
134.65,4,16.07,79.85,32,5,0
297.04,3,44.07,5.01,53,1,1
310.83,6,48.55,68.11,25,5,0
39.6,6,52.91,49.44,33,3,0
269.45,5,81.38,43.77,50,3,0
108.77,5,53.36,78.04,43,5,0
84.4,2,62.96,66.47,33,2,0
62.76,5,77.55,41.93,7,2,0
55.81,2,43.13,39.44,4,4,1
220.49,3,58.86,64.83,14,5,0
145.14,5,36.3,71.25,17,5,0
117.32,4,46.98,83.88,21,5,0
77.48,1,31.49,24.66,55,3,1
150.31,4,67.6,44.71,19,4,0
273.83,3,29.79,32.57,42,1,1
161.93,2,49.92,56.11,17,4,0
87.92,3,33.85,56.64,18,2,1
623.44,2,14.84,61.9,53,2,1
216.88,3,45.09,27.52,28,2,0
50.5,3,80.62,36.85,32,2,1
141.04,4,16.86,37.94,26,5,0
76.9,2,39.15,29.25,47,1,1
173.05,2,79.81,43.45,32,4,0
84.5,1,35.01,67.57,58,1,1
172.93,0,37.35,100.0,5,5,1
389.24,4,40.26,97.47,41,3,1
393.09,2,22.16,57.65,10,1,1
124.91,6,39.92,54.18,48,5,0
158.82,4,29.75,26.43,54,2,1
327.39,5,61.72,81.49,52,1,1
199.69,1,66.77,71.64,34,4,1
71.12,2,61.34,33.28,5,1,1
138.52,3,62.99,78.31,51,3,1
45.47,4,50.18,66.31,37,5,0
109.36,4,25.76,46.07,6,2,0
62.87,2,59.16,11.54,27,3,1
220.71,1,65.99,66.93,16,3,1
745.14,7,46.52,30.65,20,1,1
276.11,1,29.3,36.49,16,3,1
114.37,1,14.41,15.07,17,5,0
71.13,2,18.36,77.27,16,4,0
118.77,1,37.43,49.14,18,1,1
83.87,1,46.96,33.54,2,4,0
56.59,3,48.64,47.31,42,3,0
129.83,3,49.56,46.18,15,3,0
237.38,2,59.68,49.47,24,5,1
206.89,3,23.22,39.92,23,3,0
315.12,5,84.72,66.07,56,4,0
135.92,1,97.24,18.81,50,3,1
297.16,2,64.17,100.0,22,5,1
408.01,2,77.01,42.34,9,1,1
174.85,3,66.76,33.06,39,4,1
151.77,4,33.65,58.6,43,4,0
167.36,5,24.24,26.38,27,2,0
67.27,2,46.38,58.26,25,2,0
173.98,5,58.21,43.91,37,3,1
58.12,4,42.91,62.77,20,4,0
70.87,3,81.64,36.34,38,3,1
62.36,1,67.61,28.66,12,5,1
296.27,4,49.08,43.46,46,2,0
107.24,2,37.07,67.04,55,4,0
96.5,3,34.62,22.87,34,3,1
176.49,2,47.3,33.02,56,5,0
173.46,1,21.01,23.13,0,1,0
149.05,0,48.86,53.64,22,4,0
99.11,2,28.78,44.12,9,4,0
420.07,4,44.34,28.88,56,4,0
101.96,1,64.23,19.41,8,4,0
101.97,7,89.8,34.14,44,1,1
156.5,5,61.57,59.14,55,3,1
331.22,2,69.3,23.84,40,5,0
123.36,1,64.1,40.66,11,1,1
31.01,5,76.72,63.72,25,2,1
120.27,4,37.31,65.52,34,4,1
138.79,1,45.72,50.11,56,3,0
235.11,1,85.83,62.49,59,5,1
268.11,3,49.04,52.77,20,3,0
131.84,5,63.19,17.39,48,1,1
175.57,5,83.23,37.29,58,1,1
233.32,4,56.76,53.39,50,2,1
176.89,2,51.93,41.73,59,1,1
86.75,4,52.21,50.82,20,5,0
206.36,0,39.67,64.57,29,2,0
164.47,0,87.04,78.82,35,2,1
327.7,2,45.63,49.25,13,3,1
45.09,5,45.29,31.17,18,2,1
115.94,6,22.14,56.85,55,1,0
241.61,2,61.48,78.06,33,1,0
316.21,7,26.05,37.8,14,5,1
114.64,7,23.02,70.03,29,3,0
342.52,4,69.57,50.89,20,4,1
168.77,3,36.11,69.65,28,3,0
287.66,4,65.9,42.47,55,5,1
174.3,3,38.98,56.89,31,4,0
402.2,3,46.38,68.63,28,4,0
134.84,1,59.51,27.95,56,3,1
126.77,4,56.5,42.47,27,2,0
44.82,5,80.6,93.26,13,3,0
117.73,0,99.02,47.7,54,5,0
237.92,5,84.64,46.38,8,4,1
152.75,3,77.79,10.02,14,1,1
350.95,5,51.77,41.89,31,4,0
445.09,1,36.26,56.59,43,3,1
341.87,2,45.43,41.98,41,5,1
60.36,3,84.24,67.62,43,1,1
37.03,1,47.77,47.04,13,4,0
106.69,2,51.91,25.47,46,1,1
933.45,2,53.28,47.24,23,1,1
98.61,3,54.49,81.25,40,2,0
313.81,3,66.05,47.9,12,4,0
159.13,3,40.95,70.25,2,3,0
190.5,3,64.09,72.06,11,1,1
173.83,1,32.69,51.16,15,2,0
471.04,3,26.04,53.64,7,1,0
218.7,7,17.42,26.3,43,2,1
124.61,2,58.35,93.59,8,3,0
176.36,1,60.06,32.65,7,5,0
257.53,0,56.18,54.56,17,3,1
268.57,0,34.52,20.78,18,2,0
164.46,6,36.52,59.32,40,5,0
78.09,1,16.29,57.52,28,3,0
132.26,1,26.7,67.7,33,3,1
97.73,5,56.13,51.44,12,1,1
306.98,4,38.79,40.16,59,4,0
34.08,4,37.49,26.17,7,2,0
164.26,6,34.61,27.62,53,5,0
36.2,1,49.5,12.08,18,5,0
170.06,3,41.74,27.09,5,3,0
292.33,2,65.58,61.72,49,5,1
60.4,4,64.56,71.5,46,5,0
142.97,5,42.76,39.34,40,1,1
61.51,4,62.27,0.0,11,3,0
278.15,0,53.05,53.8,2,5,1
109.41,1,37.84,44.44,44,5,0
345.07,4,45.26,23.73,23,5,1
149.86,3,49.97,46.36,12,3,0
331.56,3,28.48,56.78,40,5,0
233.24,6,27.96,28.18,28,4,0
89.55,1,24.81,36.79,42,4,0
188.64,2,84.32,62.2,44,1,1
164.56,2,57.27,57.1,10,1,0
79.35,1,58.53,50.83,41,2,1
238.7,3,44.38,27.89,55,1,0
77.32,3,28.06,45.34,6,1,1
79.9,2,56.9,50.42,17,4,0
208.76,1,32.91,53.5,49,5,0
105.0,4,51.14,50.63,44,1,1
66.71,1,55.51,56.62,12,1,1
96.72,0,60.02,42.99,47,3,1
313.36,6,38.14,61.73,43,4,1
55.94,4,68.78,59.05,35,2,1
44.44,1,69.8,25.36,9,5,1
448.43,2,59.42,26.85,22,4,1
264.49,5,39.12,64.62,43,1,1
122.59,6,26.56,94.83,9,4,0
117.67,0,92.86,66.2,18,4,1
244.56,2,42.21,40.96,17,4,0
186.28,6,79.81,45.7,57,5,0
208.77,1,40.5,42.43,39,4,0
70.88,1,63.97,63.18,16,1,1
74.26,3,34.75,53.66,42,4,0
81.45,2,39.01,48.24,51,2,1
161.68,4,51.48,77.37,29,4,0
600.11,4,67.76,43.43,57,3,0
135.92,5,50.0,43.96,57,4,1
86.15,3,35.48,49.89,8,3,0
61.47,4,37.91,26.47,57,1,1
141.48,3,61.71,25.89,35,3,1
113.81,2,76.54,60.03,43,4,1
96.55,3,43.02,24.88,34,3,1
268.5,4,48.01,30.25,12,2,0
439.35,2,62.36,90.38,20,1,1
289.28,4,38.6,31.27,1,4,0
146.37,2,38.5,85.84,58,3,0
97.76,2,62.33,66.03,17,2,1
107.34,1,55.18,0.0,12,3,0
188.58,6,24.69,36.34,55,5,1
165.47,1,19.28,39.8,13,3,0
11.9,2,69.54,32.94,51,4,0
889.22,8,37.07,73.6,2,5,0
155.98,6,21.84,64.22,52,2,1
380.79,4,85.08,24.0,36,2,1
112.86,1,58.5,62.04,31,1,1
231.45,2,72.37,53.45,49,3,1
55.26,2,79.76,65.28,20,5,0
41.24,3,41.11,63.45,30,1,0
207.92,9,63.18,24.33,2,5,0
320.03,1,61.79,67.3,42,4,1
65.2,6,77.24,50.25,1,1,1
562.27,7,58.49,77.82,35,1,1
145.01,4,66.85,40.64,24,5,0
244.19,5,44.77,66.5,59,3,0
147.21,3,60.8,72.51,22,3,0
75.9,3,44.3,37.57,46,1,0
68.19,2,15.53,52.77,46,5,0
202.53,3,41.18,5.57,41,2,1
102.52,3,68.45,71.92,35,1,1
107.26,2,80.55,60.75,27,4,1
70.28,3,65.42,81.53,45,4,0
108.35,3,65.96,36.68,12,5,1
71.08,3,37.6,42.24,13,5,1
82.51,4,10.52,60.19,4,1,0
54.04,6,35.55,83.61,14,3,0
118.47,3,43.52,38.62,10,4,0
158.34,2,63.99,79.28,38,3,1
115.37,5,60.76,79.05,34,1,0
31.62,1,36.54,52.66,27,2,1
150.16,1,39.48,55.74,44,4,0
220.22,0,52.54,47.31,25,3,1
190.28,5,69.03,52.49,26,1,0
230.62,4,87.76,0.0,21,3,0
352.53,4,75.06,35.18,7,2,1
99.22,2,52.89,49.18,17,3,1
312.39,1,31.18,48.2,1,4,0
124.57,6,29.86,48.66,29,2,0
150.59,3,56.51,48.74,36,2,0
21.04,5,34.55,70.21,31,3,0
491.89,0,14.25,79.54,25,1,1
80.0,6,26.39,22.06,37,5,0
91.01,2,19.59,29.01,39,1,1
82.15,7,36.76,74.86,5,4,1
85.28,1,44.06,35.81,34,4,0
59.08,1,67.55,5.67,35,5,1
80.11,3,33.26,18.6,23,4,1
545.12,2,43.02,54.86,33,2,1
818.4,3,20.7,91.25,24,3,1
97.71,3,45.94,57.04,38,1,1
455.87,2,55.76,27.73,14,2,1
22.94,1,36.51,64.66,32,1,0
252.63,2,52.18,29.64,45,3,1
181.03,3,37.03,32.42,22,2,0
81.02,3,31.07,82.39,3,4,0
134.24,3,63.38,26.66,51,3,1
175.21,1,69.22,68.4,16,4,0
72.52,1,83.39,70.06,25,3,0
178.07,6,5.52,50.01,6,5,0
512.76,1,61.89,65.14,23,4,0
289.85,5,43.13,22.7,33,4,1
78.15,3,65.83,52.4,55,5,1
141.78,2,36.25,7.75,44,1,1
2659.39,2,57.28,39.11,8,5,1
71.72,3,25.9,71.95,41,5,0
349.13,3,42.41,58.26,57,1,1
683.4,2,35.9,37.32,49,2,1
235.77,4,54.72,39.74,51,5,0
256.49,2,47.34,75.86,3,4,0
232.21,2,79.47,73.9,33,1,1
110.78,3,40.86,65.19,8,4,1
49.48,6,26.38,16.81,25,1,0
38.61,3,29.04,33.51,19,3,1
99.82,1,30.05,78.15,59,1,1
146.72,3,24.71,85.63,29,5,0
284.37,4,23.77,35.83,15,1,0
120.08,3,51.12,68.88,12,2,0
245.0,3,47.39,2.5,34,4,1
90.38,2,48.32,58.19,2,4,0
94.3,3,44.5,100.0,46,2,0
128.18,3,37.79,68.83,5,4,0
64.55,1,46.35,60.97,41,2,0
86.92,2,47.96,54.49,10,4,0
64.09,2,36.11,11.18,23,5,1
576.68,4,69.32,29.43,12,1,1
280.17,2,55.72,66.39,34,4,1
328.15,1,42.33,55.02,12,1,1
53.56,4,49.27,50.79,0,5,0
93.43,7,59.8,69.39,10,1,0
43.59,5,82.85,69.22,53,3,0
153.08,3,21.76,45.14,48,5,1
103.25,4,41.47,46.27,39,3,0
128.14,3,32.38,17.59,3,4,0
22.86,4,52.3,36.12,3,3,0
400.16,1,58.69,55.44,42,3,1
877.97,3,60.63,60.57,11,4,0
371.09,3,46.45,56.76,23,5,0
159.45,4,38.73,61.6,43,5,0
98.46,4,27.71,79.67,5,2,0
65.55,3,42.56,42.79,26,5,0
90.06,1,24.82,44.94,38,4,1
303.95,3,30.05,67.67,59,5,1
221.92,2,29.51,36.58,52,4,1
319.88,4,40.47,53.14,38,3,0
445.06,5,54.3,65.96,1,2,0
30.29,2,61.32,55.64,28,1,0
165.73,5,40.74,41.67,38,3,0
526.2,3,49.98,6.83,20,2,0
139.26,2,65.06,41.5,8,2,1
82.51,0,63.47,12.56,13,5,0
97.45,2,36.58,41.74,49,1,1
145.13,4,51.7,54.56,20,5,0
31.42,6,41.81,28.9,35,1,0
177.82,3,65.27,74.49,9,1,0
475.73,3,58.25,48.16,12,3,1
216.94,3,46.67,37.0,55,5,0
188.17,1,98.43,51.74,59,1,1
76.29,2,28.51,61.57,43,5,0
148.6,3,42.43,39.63,17,4,0
272.37,1,25.09,94.13,9,2,0
42.12,3,39.99,37.45,48,4,1
71.13,7,31.09,63.88,51,2,1
95.96,2,62.37,29.55,10,1,1
76.56,3,0.0,63.64,7,2,0
601.14,4,45.94,62.91,50,2,0
113.73,3,64.65,9.77,56,2,1
69.22,4,15.21,57.78,10,5,0
96.36,6,28.39,72.66,51,3,0
198.79,8,33.85,37.71,60,5,0
884.79,4,19.16,49.08,33,5,0
70.2,7,33.29,62.8,25,3,0
147.21,3,33.12,59.38,7,1,0
297.85,2,64.89,60.37,34,1,0
59.01,2,68.51,47.81,48,3,1
186.5,2,46.37,68.42,51,1,0
458.53,4,44.62,100.0,58,3,1
76.67,3,72.15,21.57,27,1,0
185.32,5,81.89,68.64,2,1,0
124.07,1,39.66,20.82,35,1,1
45.98,4,37.16,24.95,21,4,0
190.43,4,68.24,32.78,37,3,1
63.9,6,67.39,41.67,30,1,1
191.0,5,48.97,63.31,59,2,0
102.93,2,66.28,11.43,12,4,1
59.14,3,33.98,96.97,42,2,0
75.42,0,86.35,32.51,25,1,1
124.6,4,53.74,94.81,51,2,0
170.79,0,46.71,62.68,32,5,0
164.52,4,41.25,22.72,4,3,0
274.81,1,64.92,35.94,23,3,1
53.47,3,65.98,26.8,55,5,0
348.62,1,55.96,95.19,21,1,0
142.41,2,60.25,48.07,45,3,1
233.11,1,22.31,40.69,59,2,1
67.42,1,74.1,22.39,35,2,1
75.43,1,67.71,23.41,32,4,1
143.19,2,36.73,61.14,57,3,1
187.71,0,65.63,60.09,10,3,0
64.97,3,44.47,56.8,23,5,0
197.48,1,63.32,69.84,7,1,1
104.52,2,38.31,57.5,47,2,1
211.68,4,47.66,68.39,19,5,0
32.71,3,82.87,62.58,56,5,1
194.74,4,57.32,51.0,6,4,0
311.69,6,80.55,59.24,47,4,0
81.17,3,44.6,70.38,51,5,0
171.83,2,69.69,48.98,9,3,1
54.89,2,66.3,14.12,38,1,1
12.33,3,66.89,55.15,60,2,1
39.67,3,38.54,59.49,47,1,0
96.81,1,36.59,17.0,30,5,1
92.23,1,51.71,44.85,60,1,1
197.12,1,19.9,63.53,38,1,1
260.02,4,43.25,23.78,30,3,0
150.02,4,95.28,60.95,43,5,1
390.51,3,46.67,60.92,25,5,0
440.14,3,51.5,64.78,37,3,1
166.66,3,62.53,11.12,15,1,1
129.5,4,55.43,74.4,56,1,1
276.27,5,77.61,64.4,14,4,1
164.39,3,59.67,44.9,60,4,1
226.72,7,47.86,38.59,55,5,0
88.94,3,64.12,58.89,14,5,0
36.19,3,71.33,43.32,45,3,0
235.89,3,54.24,43.08,11,5,0
271.57,2,53.56,50.85,34,3,1
80.38,0,69.91,35.22,6,1,1
1356.32,4,35.06,51.89,9,5,1
116.72,5,26.95,28.23,47,4,0
202.79,2,44.8,25.96,25,1,1
330.95,2,44.96,39.98,1,1,1
222.54,3,3.75,52.62,42,3,0
72.74,2,33.84,52.87,22,1,1
83.96,0,38.58,58.54,35,5,0
363.49,3,47.75,59.3,50,4,1
135.0,5,65.31,68.81,46,2,1
184.26,2,70.45,62.55,43,2,1
457.87,2,46.94,45.1,51,4,1
307.88,2,36.78,39.36,0,2,0
161.03,0,46.85,65.11,22,3,1
118.38,2,71.27,48.54,48,5,0
50.03,2,70.93,53.76,4,1,0
89.19,1,22.8,65.83,1,2,1
384.31,3,49.66,6.39,11,1,1
131.11,3,35.32,41.39,15,4,1
90.6,2,46.17,40.35,48,1,0
65.69,3,21.07,49.42,28,4,1
94.56,2,59.87,60.87,26,2,0
124.22,3,61.39,33.1,37,1,1
182.08,1,18.2,86.05,57,5,0
83.73,3,63.55,91.93,49,3,0
203.05,4,34.38,57.15,18,2,1
191.29,1,47.97,68.44,30,5,0
814.06,1,43.55,91.84,43,3,1
54.23,1,94.05,73.47,33,5,1
186.64,4,42.59,34.24,49,5,0
28.42,4,58.95,51.02,30,5,0
78.17,2,63.21,60.58,13,3,1
76.49,3,55.62,68.21,3,5,0
29.83,0,40.47,47.11,13,1,1
490.17,1,55.86,45.7,25,1,1
32.5,2,23.28,31.59,26,1,1
200.66,1,56.15,100.0,41,3,1
516.26,3,54.96,65.97,52,3,1
114.28,5,56.3,36.32,6,5,0
201.97,4,57.81,49.33,48,5,0
202.03,4,72.33,65.52,9,3,0
87.7,3,53.29,47.66,9,3,1
134.96,2,70.91,67.64,58,3,1
122.72,5,36.23,75.29,27,2,0
240.42,3,50.86,51.59,35,1,1
91.28,0,85.72,56.15,32,5,1
130.6,2,75.25,80.25,21,3,0
115.81,0,55.11,33.09,43,2,1
94.8,1,24.07,22.53,47,1,1
87.1,2,29.45,54.38,6,2,0
110.95,6,16.65,100.0,19,5,0
164.23,5,47.31,29.9,30,3,1
295.81,5,73.32,53.2,30,5,1
116.24,2,81.98,63.54,15,3,1
335.66,4,24.94,42.34,53,3,0
218.32,2,22.93,32.85,58,4,0
111.27,5,60.06,43.06,54,1,1
109.32,2,69.77,48.01,58,3,0
78.39,1,27.37,30.03,4,1,1
118.26,2,68.78,37.09,51,4,1
100.7,5,38.43,37.28,28,5,0
119.03,2,58.13,2.01,33,5,1
105.4,4,49.9,31.38,21,5,1
55.03,3,0.0,43.1,7,5,0
213.95,4,30.99,51.15,5,4,1
234.47,4,53.88,33.82,40,3,1
151.6,4,57.43,44.9,41,1,1
260.89,4,37.02,45.68,52,2,1
86.94,6,74.69,5.75,49,4,0
79.05,3,38.96,66.13,6,3,0
196.56,4,39.66,40.02,20,3,0
372.78,0,44.2,45.43,16,5,0
81.88,5,5.37,56.98,30,1,1
41.85,2,38.92,59.86,26,2,0
37.24,1,57.99,38.52,30,3,1
161.96,5,34.34,70.01,45,4,1
209.41,4,66.66,68.09,24,2,0
413.74,0,52.37,93.67,36,4,0
66.8,3,65.52,31.65,16,2,1
155.13,6,32.04,62.29,3,3,0
190.35,3,92.97,53.36,30,2,1
262.38,4,43.19,64.82,50,3,1
422.93,1,74.45,45.33,34,1,1
82.04,1,44.79,47.46,29,5,0
161.41,2,85.69,55.15,42,3,1
227.52,4,47.0,85.54,36,2,1
324.77,3,62.55,22.21,21,2,1
133.93,2,32.8,66.47,8,5,0
99.65,2,53.07,52.02,7,2,1
46.56,4,24.68,84.07,47,3,1
184.02,4,90.71,54.15,40,3,1
284.01,1,53.56,37.91,33,3,1
72.35,0,49.79,18.29,31,4,1
174.12,0,85.17,83.19,51,1,1
215.51,3,51.14,39.08,8,5,0
89.92,2,66.48,71.5,32,4,0
32.08,2,85.52,62.13,8,2,1
117.8,6,52.15,55.92,6,3,0
228.31,5,61.6,36.94,56,3,1
17.32,0,54.26,30.62,51,1,0
191.72,2,35.34,29.25,28,1,1
38.01,2,66.57,58.7,5,4,0
358.41,4,71.99,57.85,11,5,0
208.89,1,48.21,19.54,32,5,1
51.95,3,18.42,63.17,23,2,0
55.92,3,71.39,39.95,36,5,1
38.77,5,64.21,34.23,57,3,0
127.61,0,61.81,38.55,50,3,1
58.19,2,40.01,24.23,58,4,1
163.84,2,45.29,59.42,51,4,1
85.34,3,58.33,30.25,27,3,0
98.98,0,52.2,41.27,8,2,0
463.94,0,52.73,44.04,19,1,0
467.57,6,25.17,82.01,23,2,1
79.49,1,29.15,60.29,16,3,0
68.36,4,67.64,63.99,25,4,0
78.41,3,81.96,75.06,34,3,0
51.74,4,65.22,68.9,25,5,0
263.21,1,89.69,38.7,39,2,1
240.55,8,74.15,37.67,30,1,1
163.97,4,49.55,48.32,50,4,1
224.34,1,75.2,42.62,39,2,1
70.36,3,30.01,50.61,54,5,0
471.2,0,29.78,93.27,29,3,1
58.18,4,52.83,80.99,22,4,1
286.15,4,50.66,57.19,27,1,1
120.76,2,50.89,48.95,29,5,0
718.85,4,72.82,44.94,57,5,1
267.94,1,31.33,40.77,30,3,1
83.61,3,46.06,69.36,51,5,0
413.27,1,68.95,95.93,53,2,1
83.79,3,99.03,32.14,17,4,1
145.74,4,59.12,42.18,18,5,0
48.84,7,75.38,64.87,6,3,0
146.15,2,52.37,54.51,48,4,1
185.05,3,86.47,23.08,56,3,1
234.39,8,70.33,3.51,5,5,0
132.57,1,49.86,70.78,5,3,0
53.13,3,36.42,29.44,6,3,0
174.42,2,51.94,1.29,35,2,0
125.03,2,79.93,69.61,32,5,1
50.16,1,68.49,9.84,34,5,0
309.76,2,57.93,25.03,42,4,1
87.95,3,73.2,53.46,5,4,0
38.38,5,31.56,42.18,60,1,1
196.27,3,49.18,46.83,24,5,0
87.73,2,55.76,35.8,20,4,0
174.37,3,47.74,54.95,4,1,0
179.79,2,84.56,31.22,35,3,1
41.07,5,55.54,56.18,24,1,0
90.44,4,42.3,43.82,2,2,0
423.57,3,51.31,86.58,17,1,0
227.21,4,80.61,90.15,36,2,1
619.03,2,39.8,39.59,5,3,1
139.27,6,76.8,71.77,33,4,1
86.21,4,40.68,38.53,31,1,1
778.21,5,47.21,58.15,1,1,0
181.27,1,34.94,58.58,31,5,0
276.61,1,54.91,53.73,15,4,0
196.75,5,75.01,60.63,59,1,1
133.31,5,48.84,65.4,4,4,0
216.54,3,60.72,0.0,7,3,1
122.93,1,45.64,32.71,3,3,0
193.22,1,51.78,42.79,44,2,0
19.49,4,94.64,45.36,24,5,1
138.51,1,32.56,52.06,60,3,0
87.75,3,47.08,34.88,15,5,0
158.62,3,43.13,37.47,1,1,0
98.41,4,78.64,59.03,19,4,0
242.16,3,77.96,57.0,31,1,1
142.3,3,51.42,52.37,19,5,0
238.45,4,51.18,76.86,50,2,1
77.2,7,35.43,54.45,7,5,0
