temperature,vibration,pressure,runtime_hours,maintenance_gap_days,power_draw,target
62.1,1.01,86.17,1.0,16,63.81,0
78.78,0.1,95.62,17.13,54,298.61,1
76.7,5.28,130.0,19.59,29,245.18,1
88.05,4.22,93.83,1.04,52,328.36,1
71.58,6.59,103.01,19.12,43,345.48,0
62.41,3.82,72.42,12.16,32,95.46,0
60.01,6.48,80.37,15.93,31,283.67,0
82.32,2.41,112.19,1.25,25,140.98,1
67.15,3.96,100.7,13.82,53,326.12,0
84.24,5.48,95.25,14.16,51,164.22,0
75.69,4.31,101.18,7.93,16,142.81,1
73.47,3.37,137.82,12.85,0,181.15,1
71.63,7.15,101.14,10.24,18,148.87,0
63.58,2.5,93.64,13.75,4,29.55,1
86.29,3.94,90.06,9.14,28,32.94,0
70.4,4.56,116.51,17.95,10,50.98,1
72.82,2.0,84.5,15.3,20,56.73,1
83.33,5.46,125.6,4.32,59,144.88,1
74.33,6.38,100.02,18.77,16,340.38,0
62.62,8.3,108.21,1.06,9,89.21,0
97.4,4.04,92.36,7.79,53,220.11,1
71.45,5.26,95.65,11.07,2,154.11,1
69.24,3.79,110.62,21.42,47,48.89,1
84.68,3.91,95.5,17.54,34,23.17,1
76.2,3.9,104.61,13.48,18,323.69,0
52.23,5.0,88.55,13.29,3,95.19,0
91.55,3.12,77.46,18.6,50,292.43,1
45.76,1.26,112.83,1.0,23,241.66,1
75.28,5.65,74.07,15.47,8,143.87,0
76.82,2.94,83.29,1.0,48,52.97,1
72.49,2.77,88.49,9.66,15,37.98,0
73.4,2.67,94.12,27.31,16,114.59,0
87.12,2.14,124.96,25.16,60,246.87,1
82.48,4.24,110.38,16.83,3,47.1,0
89.99,2.93,80.08,10.87,19,105.18,1
60.1,6.91,103.83,11.41,18,102.61,0
89.74,3.25,69.88,1.0,25,103.94,1
71.27,4.14,101.9,8.12,38,118.4,1
59.57,3.17,107.73,11.43,30,98.3,0
62.86,7.03,145.52,1.0,25,190.78,0
82.97,2.26,109.65,13.08,6,121.28,0
77.53,4.58,103.42,1.0,2,468.94,1
74.83,5.54,136.53,25.48,36,287.41,0
72.26,6.9,85.41,16.15,11,123.01,0
66.38,4.45,109.27,5.22,1,108.03,1
70.24,3.57,94.13,10.17,21,217.73,1
56.86,6.22,107.66,12.75,11,129.94,1
80.45,1.7,95.89,6.34,8,73.23,1
54.81,6.65,95.43,8.42,32,149.7,0
53.29,4.3,87.81,1.0,32,67.5,1
64.68,3.37,70.65,8.55,6,130.09,0
82.83,4.92,92.46,1.0,55,233.3,1
94.0,7.54,60.51,1.0,11,79.45,0
77.32,1.33,100.49,22.78,30,121.83,1
61.52,3.45,106.49,21.7,37,85.02,0
69.34,1.2,84.43,19.31,1,162.44,1
83.57,4.04,123.14,6.52,39,206.38,1
59.88,2.78,93.91,6.89,51,261.39,1
77.19,5.72,85.8,2.86,40,226.03,0
70.59,1.23,117.64,5.33,28,237.72,1
70.2,6.02,121.38,14.37,10,95.67,0
74.88,2.6,111.79,8.2,31,165.03,1
76.67,3.9,107.63,17.44,54,224.97,0
86.11,3.8,102.02,11.6,35,163.09,1
90.64,1.24,117.89,1.0,4,127.01,1
74.28,7.11,113.27,18.24,15,110.7,0
77.73,3.86,107.02,21.63,21,133.89,0
63.12,5.58,76.52,19.23,38,279.08,0
62.67,5.15,112.75,15.07,27,221.58,0
52.26,3.38,80.5,10.11,49,210.16,1
72.63,2.3,83.47,1.0,25,126.87,0
73.92,3.62,131.57,1.0,49,116.53,1
80.51,0.85,83.61,1.0,35,34.07,1
68.57,1.59,97.93,1.0,50,90.87,1
58.15,5.35,88.74,5.01,60,251.34,0
68.68,1.31,90.26,11.47,9,281.12,0
82.75,6.55,105.56,18.25,51,273.69,1
65.09,6.24,85.74,19.59,3,242.15,0
61.61,3.92,87.57,13.68,9,155.95,0
76.83,4.88,107.36,12.11,30,57.94,0
62.37,6.39,98.3,13.87,11,309.23,0
75.49,4.5,95.59,17.34,46,253.23,0
70.18,5.67,61.66,1.0,34,85.94,1
77.62,4.23,92.69,1.0,9,163.2,1
81.56,0.97,106.78,16.54,58,62.1,1
59.19,2.65,53.31,11.89,42,50.52,1
58.17,5.81,107.28,24.88,7,101.9,1
73.96,0.1,93.16,3.77,7,59.24,0
76.25,2.02,113.49,15.6,7,214.08,0
65.2,2.31,83.79,6.51,21,57.05,1
64.36,4.86,155.71,15.12,49,203.59,1
56.74,2.43,106.65,16.02,13,448.72,0
65.46,5.98,113.46,6.56,2,172.58,0
76.61,3.05,118.74,17.17,56,57.56,0
68.99,2.81,119.4,15.53,27,169.28,1
73.76,3.21,104.15,1.0,43,133.95,0
68.9,3.38,77.06,17.25,22,129.21,0
70.12,1.74,107.2,7.8,56,378.75,1
79.53,6.83,114.34,13.63,15,71.52,1
66.1,2.79,107.85,27.56,32,508.05,0
63.31,2.44,101.29,17.22,40,77.0,1
73.42,1.52,99.28,1.0,52,275.99,1
81.95,4.82,115.96,16.01,31,100.64,1
76.67,1.58,120.9,3.86,54,165.15,1
70.87,4.22,69.78,1.54,2,339.62,0
60.54,4.11,87.99,20.01,9,33.38,0
69.23,3.36,95.85,12.25,42,1038.56,0
70.71,3.01,114.42,1.4,14,254.26,1
53.36,1.85,82.94,6.23,30,334.96,0
61.9,5.25,118.09,17.94,16,97.32,0
83.97,4.2,105.82,9.27,39,272.16,1
84.18,1.84,114.24,9.15,8,109.91,1
54.16,3.69,141.34,1.22,10,136.08,1
76.63,6.43,93.37,9.51,5,120.08,1
96.66,1.85,107.08,3.37,21,144.8,1
70.1,4.6,84.82,1.11,42,153.28,1
75.53,2.83,66.09,11.79,3,482.57,0
69.76,3.53,117.98,12.19,29,441.6,0
56.56,3.56,97.87,18.01,44,567.41,0
77.73,4.78,129.3,18.6,51,740.31,1
73.65,4.06,98.83,25.67,22,613.77,0
46.16,3.54,115.42,1.0,53,156.83,0
56.44,5.57,135.47,12.7,36,96.2,0
70.81,1.34,138.93,6.45,22,124.57,1
84.87,5.82,72.16,16.9,8,63.59,0
68.92,6.45,107.58,8.95,43,89.41,0
53.84,0.94,122.21,1.0,46,78.13,1
72.3,5.68,114.68,11.67,57,164.49,1
48.95,4.44,106.03,11.73,5,147.44,1
54.13,6.64,60.56,22.24,51,96.27,0
84.76,2.73,106.32,11.1,30,109.55,1
70.62,4.52,110.11,10.38,19,265.44,0
74.51,3.65,81.52,18.5,48,126.5,1
56.19,3.67,85.72,1.0,20,183.76,1
79.49,2.94,80.6,7.31,24,83.37,0
82.17,4.6,125.65,11.52,30,202.31,0
50.6,6.64,93.12,2.25,59,80.81,1
78.09,3.37,108.72,17.39,6,247.39,0
56.03,4.88,123.3,9.85,12,143.95,1
70.76,5.33,85.17,22.6,43,25.68,0
78.72,3.6,110.13,10.17,55,41.18,1
69.52,5.29,68.82,7.88,26,75.92,1
74.15,5.03,86.42,1.0,54,231.93,0
61.4,4.13,114.22,1.62,13,120.6,0
64.27,5.09,91.07,22.11,43,135.31,0
49.07,4.02,104.39,12.49,50,147.43,1
65.66,5.12,121.65,7.73,53,125.92,1
60.24,5.02,96.06,3.45,48,157.56,1
52.14,6.42,122.48,20.93,28,293.15,1
63.94,3.24,85.22,13.6,38,101.43,0
86.74,6.22,109.07,20.2,28,649.82,0
89.96,3.84,139.18,9.06,15,262.97,1
78.42,1.84,54.8,14.73,2,149.55,0
65.87,6.15,102.09,3.06,6,140.02,0
72.67,1.2,115.71,18.24,54,568.7,0
81.95,4.57,82.55,11.58,26,506.47,0
69.42,2.78,83.36,16.25,5,226.1,0
86.73,3.89,88.01,17.02,60,238.34,1
73.2,3.5,96.63,18.13,20,142.66,0
62.6,3.12,93.5,18.58,59,76.39,0
74.12,1.82,80.44,8.08,0,133.95,0
91.2,1.73,102.03,4.89,57,107.54,1
75.33,6.94,131.1,16.83,58,131.06,0
70.76,5.4,90.01,19.09,53,90.51,0
64.19,3.96,84.23,7.14,28,167.46,0
65.46,4.77,93.12,10.92,30,446.25,1
74.77,2.18,121.77,11.19,13,199.48,0
59.5,3.14,92.2,9.74,53,149.99,1
69.82,0.1,90.63,19.37,54,113.68,0
76.45,2.48,85.32,18.33,21,744.91,0
39.24,1.64,99.41,5.54,13,101.63,0
58.8,1.79,83.87,20.69,42,89.62,0
85.98,2.61,85.83,17.88,39,969.47,0
75.79,5.62,95.04,10.52,24,157.08,1
49.18,4.94,106.3,23.4,6,231.22,0
74.2,3.73,89.3,24.84,18,75.06,0
68.1,6.48,72.2,6.9,21,100.79,0
80.91,3.61,118.86,12.61,21,128.14,0
78.04,1.82,118.85,26.95,37,379.16,1
77.3,5.29,124.34,6.73,41,68.74,1
61.06,1.31,105.77,1.0,20,290.66,0
83.1,4.3,74.53,1.0,49,93.76,1
79.94,2.85,134.9,8.64,42,22.39,1
62.03,6.93,93.69,13.14,56,181.67,0
62.11,1.83,124.01,5.89,50,313.09,1
68.26,4.17,91.01,9.84,32,325.76,0
80.82,3.24,101.26,8.68,33,76.41,1
58.53,3.63,80.47,8.1,26,522.65,0
68.42,3.03,86.87,11.09,41,310.47,0
68.18,2.62,110.71,24.43,30,161.71,1
65.62,5.98,101.96,5.56,2,178.92,0
69.87,3.61,85.81,13.06,18,138.12,0
77.93,4.38,96.4,15.06,59,66.98,1
67.26,4.15,87.27,18.69,34,125.02,1
52.9,2.21,94.68,5.62,20,102.19,1
86.03,4.68,101.86,3.02,46,135.81,1
83.85,1.59,99.69,3.43,29,157.19,1
77.77,2.81,93.92,22.65,44,97.1,0
67.88,6.62,90.68,20.94,7,103.2,0
67.22,1.44,98.25,14.76,46,109.14,0
83.4,4.16,62.91,12.67,53,80.5,1
105.03,5.25,65.12,1.0,19,60.55,1
75.94,4.39,105.07,1.0,22,97.76,0
66.44,4.8,110.43,23.37,10,674.61,0
57.78,5.6,88.6,7.29,36,52.41,1
58.96,2.21,115.91,11.78,48,507.49,1
81.9,5.33,105.37,6.65,17,96.35,1
57.08,2.15,95.29,3.93,24,163.81,1
84.15,6.48,79.83,16.49,50,253.65,0
55.85,3.39,114.79,1.0,56,115.22,1
86.53,2.87,122.53,13.06,54,74.27,1
79.76,6.87,105.34,18.82,56,88.98,1
45.44,3.96,95.39,7.16,55,143.39,1
81.47,3.47,77.3,3.47,3,105.56,0
56.51,5.39,95.33,11.14,32,55.78,0
64.42,4.16,78.74,1.0,40,277.45,1
90.48,3.93,120.78,20.35,54,117.59,0
45.08,3.73,86.17,1.0,24,181.42,1
71.69,4.07,109.35,15.3,55,88.97,1
73.31,4.71,91.3,14.09,6,31.02,1
60.36,5.43,105.75,1.0,14,94.05,0
75.51,0.57,84.11,13.88,13,97.97,0
73.6,6.04,80.86,12.91,54,129.98,1
87.26,3.82,108.38,22.0,1,239.76,1
65.38,6.78,122.53,1.0,53,416.23,0
60.18,3.38,95.78,13.38,41,25.46,0
55.26,2.54,100.23,16.39,24,236.76,0
65.34,4.11,59.62,1.0,46,345.11,0
77.4,2.28,129.73,17.79,21,155.32,1
85.17,3.93,79.97,1.0,56,187.36,1
55.23,2.33,41.16,1.0,58,261.87,0
101.19,8.17,77.36,20.65,57,128.58,1
102.79,3.61,102.79,8.16,58,212.08,1
75.86,2.81,85.15,1.0,44,24.82,0
52.89,3.82,76.33,1.0,12,109.37,0
79.42,3.91,84.05,12.58,46,253.05,0
67.53,3.96,85.52,9.65,54,218.67,0
73.43,4.36,108.49,1.0,52,353.14,1
63.3,3.09,110.4,1.0,10,241.41,0
67.39,4.27,97.35,9.26,20,123.92,1
92.27,4.03,95.58,21.4,39,74.83,1
66.76,4.53,93.42,1.0,28,180.95,1
71.9,3.37,98.37,22.28,48,170.99,0
54.4,2.9,117.9,2.26,21,188.78,1
76.81,1.28,122.62,2.51,57,218.12,1
42.29,3.65,81.78,4.29,13,182.94,1
61.59,0.57,89.92,15.77,24,276.24,1
72.52,4.61,99.97,1.0,8,209.99,1
42.79,1.56,103.25,1.0,50,216.22,0
57.39,5.07,74.69,2.85,45,207.13,0
49.39,6.03,113.79,1.0,2,86.31,0
54.38,4.84,71.96,15.81,42,290.48,0
88.98,2.94,85.72,7.25,27,176.93,1
70.18,7.83,95.14,6.28,1,271.57,0
89.69,3.9,72.57,7.64,13,77.78,0
77.74,3.56,102.46,1.07,59,121.92,1
89.03,3.27,115.54,5.08,10,75.24,1
72.61,5.66,98.99,14.92,36,327.75,0
81.82,2.55,100.03,15.51,23,194.3,0
60.87,2.55,119.59,13.48,55,208.02,1
71.86,3.5,127.05,2.45,6,317.61,1
85.88,6.06,71.6,11.62,60,148.04,1
55.93,3.21,101.13,10.97,31,387.48,0
85.97,3.45,99.95,12.31,57,131.64,1
74.61,4.01,111.89,2.46,13,28.76,1
72.98,0.66,121.92,6.18,15,219.97,0
56.99,3.33,109.45,12.08,56,68.84,1
52.81,5.03,85.74,1.0,5,326.76,0
78.44,2.44,130.7,14.59,10,92.65,1
62.46,6.38,111.2,23.37,47,82.44,0
64.72,4.06,90.05,24.77,22,330.91,0
71.94,4.57,114.04,4.53,54,84.82,0
75.37,4.32,129.49,16.18,18,69.76,1
74.69,5.37,125.35,12.03,12,53.69,1
65.59,3.18,76.87,17.07,42,622.22,0
53.34,3.91,86.85,1.0,28,121.7,0
66.1,3.3,124.03,6.03,52,248.84,1
60.05,2.69,116.35,12.81,41,179.93,1
93.63,2.61,73.07,10.78,43,141.85,1
72.01,3.78,96.82,4.44,41,135.91,1
68.96,6.82,90.17,34.86,7,163.1,0
70.58,5.62,68.58,9.25,42,281.58,0
80.32,1.08,84.5,12.42,39,534.7,1
87.45,5.42,116.14,11.05,32,245.96,1
67.53,6.15,69.51,20.84,45,69.62,0
81.3,4.29,111.63,8.25,25,65.56,1
81.78,4.0,112.53,13.59,59,22.21,1
73.05,2.21,100.7,5.13,52,148.24,1
62.68,2.9,106.27,14.19,59,132.15,1
79.33,2.64,101.69,21.09,21,132.97,1
75.86,2.85,105.44,16.25,33,522.14,1
69.92,3.99,110.47,8.69,5,343.57,0
69.8,2.37,82.99,20.49,13,150.14,0
73.77,4.18,124.84,1.9,51,157.58,1
59.61,5.6,93.32,12.4,21,180.19,0
91.43,4.35,84.47,16.8,49,132.7,0
69.12,2.68,115.42,7.04,15,94.74,1
84.33,4.25,90.69,30.69,54,71.8,0
60.72,6.19,115.21,5.63,31,46.39,1
68.8,7.75,85.99,13.7,42,78.4,0
62.84,7.99,125.44,1.18,22,163.35,1
73.1,5.84,133.68,11.12,37,141.75,1
57.84,3.9,120.01,19.72,41,173.24,1
71.15,3.41,98.34,1.3,52,118.85,0
68.09,4.7,108.34,14.46,8,43.26,0
79.43,3.7,63.26,3.42,34,127.76,1
55.89,5.72,89.24,3.07,58,43.47,1
72.68,2.88,103.14,14.71,5,128.55,1
62.6,4.14,121.73,12.32,8,28.93,0
79.1,2.58,92.31,5.79,47,423.52,0
60.07,4.09,108.58,7.9,29,185.74,0
62.47,3.34,113.3,5.57,31,40.82,1
63.74,3.0,68.36,1.0,22,453.53,0
82.05,4.1,124.99,3.18,57,33.71,1
58.71,5.57,96.89,22.15,23,560.93,0
66.66,5.82,101.02,16.89,29,47.36,0
72.58,3.33,113.68,11.22,54,364.9,0
69.35,4.68,82.97,26.36,49,74.15,0
87.0,5.91,86.4,1.0,37,135.4,0
62.9,5.23,106.98,2.37,2,241.6,0
76.52,5.88,123.97,2.91,59,76.77,1
53.96,2.7,75.63,8.93,1,80.89,0
52.27,3.0,114.14,7.1,16,54.34,1
67.06,5.9,100.83,3.37,2,153.05,0
55.23,2.32,74.18,1.0,49,261.2,0
59.57,4.53,80.47,1.0,12,77.88,0
71.99,1.05,54.8,13.8,1,179.73,0
41.81,3.18,89.3,3.76,49,298.64,0
65.89,4.18,108.02,6.3,3,783.27,0
71.65,4.13,135.39,1.63,5,84.71,1
63.28,4.82,101.7,16.54,57,31.39,1
86.73,8.14,81.09,21.74,0,126.79,0
67.44,2.4,92.92,11.01,20,127.93,1
74.6,6.11,82.99,1.04,34,57.66,1
54.87,1.86,86.25,1.0,31,140.97,0
96.02,4.68,87.15,13.72,8,180.66,0
58.05,5.13,71.14,13.35,43,148.27,0
73.25,2.73,95.7,21.47,37,134.88,1
53.61,3.88,81.42,1.0,33,149.14,0
70.01,3.42,73.13,10.57,55,439.5,0
48.23,7.08,103.61,8.86,28,198.56,1
78.03,7.71,68.39,11.66,19,150.66,1
84.64,2.88,84.05,1.19,11,220.83,1
71.31,5.96,105.46,25.04,2,129.64,0
66.6,5.45,106.27,23.3,13,241.38,0
70.39,6.92,96.92,1.0,10,279.27,1
74.61,5.11,109.33,16.57,12,256.71,0
53.95,4.63,113.45,10.8,12,259.87,1
65.02,4.49,95.04,5.41,52,148.32,0
61.08,2.81,61.86,1.0,21,240.68,0
72.8,3.81,86.88,12.27,5,142.83,1
68.25,0.91,133.04,14.25,10,96.61,1
74.34,4.25,108.09,5.58,5,118.61,0
58.92,5.21,101.1,2.2,18,56.95,0
56.78,5.97,107.32,8.69,25,124.5,1
97.98,3.55,112.38,6.45,40,337.74,1
76.59,4.81,93.26,3.2,26,842.18,0
44.94,2.71,100.81,1.0,30,127.58,1
80.73,3.05,100.16,17.86,26,238.79,0
77.51,4.52,92.65,7.71,3,109.47,0
74.74,5.77,104.61,16.4,19,227.94,0
51.27,7.66,96.81,1.0,55,109.5,1
67.28,2.96,105.33,15.09,56,92.47,1
60.96,3.21,112.99,25.95,58,166.91,0
56.99,8.34,115.86,9.17,46,31.08,1
65.16,6.92,113.89,27.5,52,222.47,0
90.63,5.4,114.96,5.74,36,93.41,1
70.09,4.8,67.09,6.77,9,68.46,1
60.13,5.42,158.57,4.13,6,216.13,0
72.27,4.83,100.11,8.66,52,175.19,1
73.95,5.33,76.86,11.52,24,117.74,0
84.54,4.9,70.99,14.88,57,260.17,0
40.67,5.3,118.74,3.88,23,63.42,0
74.8,5.61,100.54,22.19,11,126.78,0
57.19,2.98,87.02,2.55,21,79.54,0
46.52,3.17,136.77,22.83,49,62.97,1
68.22,5.67,96.5,17.18,9,225.76,0
63.14,2.24,92.25,3.87,17,71.34,0
81.02,4.19,83.06,13.61,14,214.91,0
70.53,0.12,117.86,7.66,37,163.01,1
53.55,6.01,110.97,10.29,40,69.49,0
56.35,0.1,80.03,16.02,32,97.88,1
65.96,4.8,118.0,16.81,14,97.74,0
65.64,2.14,108.43,16.19,13,238.39,0
69.81,3.07,131.06,11.76,60,45.55,0
94.95,6.27,88.28,11.23,12,46.53,0
57.96,3.92,84.58,16.06,33,254.48,0
62.82,4.1,106.33,7.4,6,85.68,0
79.47,6.28,81.48,16.02,39,219.05,0
66.91,4.61,108.65,1.0,0,36.95,0
78.86,4.48,96.91,1.0,13,89.41,0
76.15,8.22,127.37,15.85,13,48.2,1
75.77,5.01,96.33,1.0,3,297.94,0
68.86,2.86,110.76,16.93,7,266.63,0
78.61,3.22,112.54,16.78,37,191.72,1
61.47,3.44,93.45,16.58,32,944.23,0
71.24,5.11,121.96,5.99,47,58.57,1
54.13,3.37,112.45,14.53,27,87.72,0
78.92,4.19,101.07,24.3,22,302.45,1
75.89,4.11,126.04,13.4,49,100.13,1
59.24,3.28,106.31,1.0,32,33.68,1
45.0,6.67,105.32,8.08,46,366.81,1
88.09,5.06,115.3,1.0,35,136.12,1
75.05,4.61,73.1,9.1,44,256.57,1
83.83,3.39,116.49,10.63,4,380.11,0
64.26,2.2,64.72,12.31,8,197.02,0
85.24,3.32,79.88,14.66,11,145.69,0
60.47,2.84,87.82,5.74,51,110.06,1
68.7,1.07,120.89,1.0,47,388.46,1
66.81,2.9,109.69,20.69,41,116.21,0
69.05,1.86,137.83,6.54,12,66.05,0
70.29,3.89,110.25,18.52,54,36.58,1
55.76,3.17,111.69,10.98,19,357.96,0
74.01,4.29,96.73,8.56,15,212.19,1
55.81,4.67,83.82,7.57,38,56.21,0
57.36,4.3,60.52,4.1,34,119.48,0
86.2,3.61,102.96,23.13,34,101.56,0
98.83,5.33,80.93,11.07,11,174.53,0
78.5,5.15,141.51,23.56,35,110.54,0
78.78,2.73,130.36,15.38,4,43.96,1
56.17,2.82,137.26,18.76,59,59.68,1
58.22,2.98,95.42,2.81,21,345.24,1
60.43,3.57,131.04,16.72,50,121.27,0
76.35,4.44,117.76,9.85,43,226.05,1
73.16,5.23,56.29,13.26,43,154.61,1
64.12,3.52,93.5,2.65,40,235.94,1
71.87,1.21,87.04,11.35,21,566.64,0
55.43,2.5,93.38,9.28,26,114.21,0
86.92,4.77,114.98,14.68,40,79.41,1
84.79,5.87,61.56,1.0,50,112.98,0
95.4,2.34,115.68,18.28,30,38.43,1
61.68,2.42,114.51,2.36,33,136.77,1
88.64,3.47,119.44,7.93,0,90.86,1
84.34,3.5,87.19,18.28,59,389.07,0
57.77,0.75,109.64,23.09,18,214.62,1
84.64,5.46,98.47,20.46,4,145.94,0
82.25,3.14,99.77,18.44,22,41.15,1
85.39,5.63,117.19,3.27,10,186.41,1
59.58,6.21,102.2,10.15,12,116.58,0
84.58,4.11,105.74,3.87,11,226.91,1
73.59,2.8,128.71,23.51,14,609.09,1
67.57,0.55,52.84,15.72,60,152.0,1
41.78,8.25,87.18,24.1,20,120.04,0
89.83,4.57,115.27,14.15,25,184.25,1
68.85,8.37,108.43,8.81,45,146.08,0
85.97,5.55,103.93,22.26,49,75.05,1
87.95,7.81,120.69,9.96,40,501.86,0
83.13,5.05,88.83,25.22,56,66.94,1
66.97,3.55,119.66,3.9,39,132.91,1
66.67,5.26,102.55,4.48,39,292.97,1
97.43,6.26,75.13,4.0,10,150.24,1
55.45,1.93,107.47,16.5,50,66.34,0
70.22,4.85,81.61,1.0,0,83.64,0
87.41,5.49,94.94,2.23,54,49.01,0
65.29,3.66,113.47,12.41,47,92.19,1
72.73,4.19,84.55,12.93,40,276.98,0
98.1,2.02,100.78,15.05,54,217.04,1
68.31,3.36,100.83,2.83,53,198.33,0
69.57,2.46,115.21,7.15,54,89.08,1
97.01,4.81,94.88,5.51,29,47.17,0
56.64,6.22,66.26,2.31,14,228.09,0
65.37,3.36,120.11,1.27,0,207.11,0
49.05,4.6,119.81,1.0,30,129.45,1
71.32,1.78,89.35,6.78,53,288.63,0
78.89,2.01,114.03,1.97,27,111.83,1
76.09,3.43,86.15,24.64,7,433.51,0
87.55,4.31,100.94,9.6,48,36.5,1
81.29,4.89,117.97,4.87,8,519.12,1
79.1,0.56,68.41,17.17,38,76.52,1
51.87,1.62,120.91,17.76,59,26.57,1
67.81,2.87,92.75,29.77,37,120.48,0
85.93,7.92,80.58,20.26,9,151.14,0
72.45,0.1,118.84,11.8,13,89.77,1
70.04,3.39,93.84,12.3,25,631.69,0
50.65,4.82,107.62,4.34,55,63.37,1
49.47,3.45,82.35,8.13,23,418.06,0
74.95,4.43,108.8,10.3,44,151.17,1
65.74,3.65,112.84,2.5,3,322.74,0
73.46,5.73,86.64,15.15,47,55.4,0
70.13,6.66,106.97,7.37,5,101.71,1
87.16,4.21,74.07,11.95,36,132.43,1
66.33,6.2,123.01,14.42,58,467.44,1
54.22,6.18,103.72,2.02,57,368.76,1
59.59,3.89,109.78,16.04,25,133.09,0
71.69,5.49,105.29,18.89,16,114.96,1
72.07,3.66,97.5,8.05,47,425.35,0
60.72,5.22,120.04,2.62,46,182.13,1
68.8,5.64,103.03,7.34,51,225.99,0
68.26,0.58,139.73,12.63,34,234.41,1
37.9,1.3,121.25,2.1,23,471.19,0
74.33,5.16,75.21,5.82,50,215.95,0
75.27,2.22,106.78,6.46,24,412.34,0
73.14,5.59,93.17,21.04,36,142.7,0
57.44,4.5,125.79,18.28,51,107.54,0
55.54,4.86,93.6,21.52,20,156.32,0
58.52,3.43,110.78,1.0,21,182.62,1
68.29,6.14,115.6,9.79,7,225.57,0
66.17,4.79,40.19,12.98,21,130.03,0
46.77,5.13,96.04,7.69,4,128.69,0
86.59,6.02,128.23,15.62,17,257.07,1
68.43,0.94,101.82,20.57,19,31.12,0
56.07,5.18,102.52,27.24,52,108.67,0
72.56,4.93,105.48,11.39,31,106.75,1
51.07,3.63,96.1,17.12,47,84.87,0
55.21,6.23,113.38,18.97,5,143.4,0
77.06,3.83,76.2,1.89,22,331.09,1
82.72,2.4,113.74,16.01,10,102.15,0
74.07,4.81,109.88,27.93,59,337.77,1
77.28,2.88,129.73,8.28,23,192.94,1
74.43,1.93,94.1,1.7,0,273.55,0
84.17,6.2,113.76,5.18,46,271.48,1
55.99,4.25,94.27,11.8,24,98.63,0
68.41,5.41,115.63,15.07,6,53.08,1
62.71,2.36,96.4,13.73,57,110.87,1
85.7,2.39,105.91,11.81,54,211.59,1
69.5,3.21,119.57,1.0,5,334.0,1
74.4,3.67,95.34,1.0,42,110.86,1
69.31,2.38,85.16,7.25,9,110.19,0
33.47,3.51,71.42,21.39,58,156.3,0
91.99,4.41,112.01,4.11,49,121.92,1
76.71,1.88,110.1,12.27,38,234.71,1
83.78,2.71,118.46,12.88,28,159.6,0
72.41,2.74,100.46,11.87,18,211.92,1
55.63,3.71,50.09,5.52,15,315.99,0
76.74,4.75,93.36,6.45,52,41.39,1
82.64,3.09,92.73,8.8,35,630.16,0
80.24,2.87,119.05,10.26,7,96.13,1
83.35,5.05,112.62,3.15,55,60.21,1
86.32,4.67,100.26,18.65,35,89.18,1
69.5,0.89,136.91,14.56,32,94.84,1
67.94,2.66,112.94,12.87,40,400.9,0
77.47,2.42,64.49,32.47,30,206.37,0
77.66,1.26,142.42,21.08,36,47.25,1
56.93,2.73,104.82,20.35,54,98.79,1
58.35,0.44,93.87,10.33,59,234.77,1
66.53,3.25,101.72,1.0,20,157.63,0
92.53,4.09,134.13,12.61,53,102.0,1
72.13,6.22,104.87,1.0,33,115.13,1
77.21,2.73,126.55,20.59,43,282.85,1
49.3,3.35,105.7,8.26,52,222.94,0
86.26,2.83,114.27,14.17,41,96.13,1
57.16,6.37,107.28,30.32,26,419.46,0
63.45,4.94,130.27,5.95,0,251.27,0
73.52,2.1,94.73,15.22,0,83.36,0
62.92,2.9,64.54,1.0,37,289.85,1
59.17,4.33,103.35,15.34,3,108.29,0
92.87,2.89,133.14,23.0,36,74.85,1
64.14,4.67,140.42,13.18,18,127.28,0
68.32,5.08,131.86,5.9,2,134.78,1
81.36,4.77,96.16,12.11,4,203.58,0
80.78,1.85,96.43,17.29,7,91.08,1
67.92,7.01,98.65,5.72,1,137.43,1
64.44,4.47,134.56,5.49,15,146.44,0
52.85,5.22,101.62,13.09,54,55.74,1
65.28,3.92,99.03,6.74,40,106.56,1
58.47,1.29,94.18,1.0,40,88.27,1
72.05,4.34,104.14,1.0,0,155.02,0
52.73,5.08,136.66,8.55,59,501.81,0
81.24,2.01,105.77,26.44,27,55.89,0
109.32,3.06,98.83,1.0,2,264.63,1
58.86,2.73,106.62,11.53,60,183.01,0
82.46,2.45,123.54,6.92,1,38.48,1
75.88,4.43,90.83,6.33,60,186.75,1
57.29,5.83,105.65,12.49,18,267.05,0
56.49,3.47,105.97,11.58,49,112.1,0
69.03,4.71,93.89,12.27,12,261.06,0
57.37,3.3,82.29,12.3,29,212.15,0
81.09,5.43,117.56,10.02,26,170.48,1
89.23,3.49,89.1,4.55,7,218.18,1
63.3,3.17,91.34,9.02,56,188.03,1
74.13,4.11,107.46,14.3,40,221.86,0
63.01,4.86,76.01,25.02,24,88.42,0
54.56,2.1,95.85,4.98,18,37.91,0
77.29,5.79,102.36,1.0,52,39.86,1
59.89,5.37,83.7,19.3,48,92.16,0
72.83,4.05,116.7,9.64,34,74.29,1
81.11,7.95,107.36,9.78,4,110.7,1
54.59,3.03,97.13,7.14,44,343.53,1
53.86,2.89,96.78,1.0,11,179.92,0
53.22,2.09,111.71,16.26,8,178.33,0
70.27,5.56,94.93,18.86,44,348.61,0
77.52,3.94,111.78,5.21,4,95.38,0
84.54,3.97,99.06,1.0,15,61.16,0
67.64,1.84,130.27,10.6,6,198.25,1
95.11,5.32,93.62,8.94,59,171.07,1
63.78,4.94,116.36,9.93,27,595.44,0
69.92,3.47,88.03,17.87,28,338.07,0
79.21,4.62,91.87,12.93,54,132.95,1
69.27,2.5,114.73,15.59,12,126.53,0
73.56,3.21,93.23,1.0,26,37.88,1
45.66,3.41,94.08,26.95,57,23.72,1
82.67,4.35,101.6,1.0,1,97.37,0
73.93,7.41,103.47,1.0,25,161.7,0
43.47,3.43,100.2,5.8,34,254.26,0
56.57,3.41,49.71,9.47,30,602.14,0
72.84,3.06,123.56,17.74,12,278.34,1
73.43,2.21,86.38,13.67,12,134.52,1
58.18,3.68,132.77,19.66,53,222.77,1
82.48,2.11,57.99,14.79,18,296.96,0
58.49,4.72,75.55,15.02,26,281.93,0
79.41,7.11,101.14,9.63,9,1940.66,0
86.44,4.18,102.02,10.08,44,71.72,1
65.98,5.84,100.08,18.41,59,98.4,1
87.58,5.33,85.7,18.41,18,117.41,1
70.98,4.08,105.74,4.84,37,327.6,1
72.26,0.98,116.44,4.22,45,687.57,1
78.22,2.05,99.03,14.56,15,174.48,1
64.95,4.07,86.04,8.29,20,126.16,0
76.46,2.41,110.01,14.76,34,80.12,1
57.63,4.03,91.62,11.85,50,440.56,0
91.04,3.01,146.57,25.76,23,77.25,0
66.5,5.69,120.0,1.0,16,148.52,1
65.68,5.75,95.87,3.72,60,136.46,1
61.83,1.37,89.62,10.91,33,142.26,1
54.38,4.48,140.76,14.05,35,631.12,0
78.15,0.1,90.1,14.95,50,137.03,0
59.32,3.63,66.96,2.79,37,244.46,0
64.73,2.97,72.51,16.05,56,32.81,1
71.67,5.93,115.71,8.12,36,249.28,0
77.97,2.82,109.28,5.95,38,330.02,1
66.51,5.34,88.63,1.0,36,84.3,0
67.3,2.76,85.64,8.29,17,159.66,1
52.21,5.04,102.12,12.55,43,92.66,0
73.36,3.34,112.17,3.25,57,127.53,1
67.77,4.88,98.15,9.02,26,254.89,0
84.93,6.12,100.64,1.0,16,137.18,1
85.12,3.76,83.51,6.9,42,119.11,1
62.53,5.95,87.46,12.97,15,161.15,0
77.07,4.51,101.58,11.18,55,156.16,1
55.07,3.08,86.76,8.65,53,232.06,0
59.86,2.91,106.12,15.0,21,189.6,0
78.6,4.92,75.63,7.39,3,121.39,0
93.22,6.23,92.55,1.0,49,168.9,1
74.64,3.96,79.68,4.63,11,403.15,0
69.23,4.61,105.87,5.24,8,151.94,1
68.35,3.19,103.24,7.53,0,1197.27,0
46.01,1.98,97.29,25.99,42,97.16,0
65.4,5.49,82.66,20.44,39,55.91,0
50.59,4.72,90.7,6.44,43,68.98,1
83.43,5.61,124.34,10.32,21,302.7,0
50.6,6.0,90.92,10.84,32,179.01,0
56.55,4.06,88.44,1.0,41,253.39,1
75.54,3.63,83.37,1.01,20,358.25,0
74.24,3.97,123.42,21.39,57,215.59,1
78.64,3.83,123.12,23.06,52,270.77,1
30.32,4.3,105.55,16.58,51,267.61,0
62.43,0.1,84.01,9.12,32,232.36,1
73.74,4.53,86.34,15.13,56,243.68,0
67.56,3.32,87.22,8.42,38,227.33,1
75.85,3.1,93.6,16.11,28,114.89,1
74.07,5.44,89.99,7.26,26,76.9,1
72.2,3.92,94.16,6.26,7,103.8,1
87.16,4.39,110.2,7.52,6,115.77,1
86.77,5.52,100.41,9.89,32,110.04,0
85.46,3.7,120.26,14.27,4,51.66,1
66.87,2.11,119.81,22.34,19,113.6,0
78.38,3.65,105.86,6.8,46,57.81,1
80.58,5.54,78.66,1.57,29,186.76,1
74.45,1.51,97.13,25.87,46,131.76,1
98.27,4.14,113.25,2.38,48,89.88,1
82.61,1.92,113.26,22.47,42,104.06,1
81.55,4.01,75.23,6.28,4,168.32,1
75.17,6.66,102.46,17.1,2,418.24,0
75.3,1.87,81.76,2.95,37,146.07,0
68.98,3.07,86.0,7.63,44,423.09,0
74.94,4.54,102.12,3.14,32,82.8,0
44.57,4.89,86.63,8.96,29,220.52,1
55.37,4.0,98.17,19.44,25,87.36,0
67.23,2.39,105.01,12.95,25,243.14,0
49.82,2.99,110.48,11.81,3,95.19,1
70.02,4.76,120.81,13.73,39,401.98,0
89.38,3.51,104.82,1.0,48,61.15,1
59.67,1.77,80.31,14.79,41,371.23,0
47.72,2.31,68.05,17.21,13,94.25,0
72.89,4.3,105.79,7.0,43,181.34,0
67.36,4.77,103.53,14.97,23,90.74,0
56.92,2.49,98.97,6.4,37,170.49,1
67.0,4.12,90.43,8.0,18,119.74,1
72.68,5.95,130.62,15.61,10,70.82,1
86.8,4.5,89.44,8.99,60,310.81,1
96.75,4.87,92.27,1.0,32,77.08,0
72.32,1.04,72.44,2.01,24,167.77,0
39.41,5.15,119.05,1.0,34,129.96,0
94.08,6.98,89.33,10.61,46,81.5,1
80.23,1.53,130.62,8.25,23,160.57,0
58.82,4.05,84.51,1.41,60,106.83,1
55.03,7.62,88.93,18.22,52,74.77,0
80.62,1.4,79.73,17.71,4,47.86,0
77.7,3.02,110.49,8.4,59,130.97,1
88.06,1.74,91.39,13.22,46,78.82,1
68.4,5.15,101.27,1.0,41,83.49,0
80.36,3.72,101.74,5.63,17,230.21,0
77.21,5.33,113.75,19.15,22,122.35,0
86.35,5.01,112.64,9.13,15,164.22,0
77.25,5.36,66.6,9.48,47,220.99,1
70.22,3.0,100.09,8.52,48,80.61,1
72.14,5.98,112.16,12.64,39,192.97,0
78.87,6.54,134.43,5.44,28,76.57,1
51.28,4.7,119.38,22.84,55,246.26,1
73.84,5.9,119.66,1.0,7,653.7,0
83.09,3.83,120.78,26.03,12,69.64,1
59.19,2.72,113.38,9.11,6,76.79,1
70.8,1.92,89.61,1.0,57,233.25,1
72.53,4.38,109.89,12.88,35,142.35,1
66.84,4.75,93.19,10.31,33,67.11,0
77.93,3.77,118.99,8.44,34,106.28,1
64.12,3.95,96.79,20.57,14,767.64,0
58.48,6.52,98.79,6.47,36,100.73,1
60.0,3.45,110.15,1.0,4,334.4,1
42.49,3.07,114.53,16.14,57,51.69,0
65.36,6.5,99.89,6.91,6,136.02,1
65.34,3.18,96.78,1.0,39,343.36,0
93.32,3.93,99.58,14.92,33,135.93,1
66.15,3.78,79.32,13.66,26,67.23,0
58.26,3.25,124.04,14.19,48,225.06,0
80.32,2.58,95.27,22.5,53,124.98,0
65.24,2.99,140.24,3.24,46,251.71,1
85.12,1.22,84.61,17.34,46,150.53,1
78.0,4.14,122.15,1.0,11,292.87,1
79.9,3.85,111.66,5.53,33,267.52,1
63.73,2.57,138.09,17.09,8,71.58,1
81.29,6.58,119.17,1.48,60,232.65,1
70.93,3.42,134.5,1.0,16,62.94,1
62.78,0.77,98.23,15.12,51,224.62,0
64.24,3.22,63.66,1.0,3,185.01,1
88.76,3.7,111.89,6.56,27,240.59,1
54.6,3.11,78.61,18.63,46,24.52,0
76.76,3.09,78.64,1.0,16,53.8,0
72.98,3.65,91.86,3.65,22,203.28,0
71.12,3.66,101.36,6.33,40,183.88,1
77.78,4.96,133.18,1.0,22,193.47,1
72.9,1.23,110.8,1.05,56,76.52,1
68.81,8.35,83.71,14.47,15,123.47,0
75.89,4.15,114.34,4.95,51,175.6,1
38.95,4.24,97.41,1.0,9,61.85,1
80.55,2.63,114.2,24.14,60,298.54,1
58.03,1.02,81.29,12.84,49,82.23,1
68.3,3.2,70.17,15.73,23,204.95,0
66.0,5.09,135.61,8.93,41,346.96,0
58.5,5.97,111.4,16.92,40,147.5,0
90.19,5.81,91.65,6.12,54,110.21,1
78.78,6.28,108.02,20.3,2,311.92,1
85.47,2.65,116.05,11.53,54,75.79,1
52.17,1.01,93.96,19.05,51,323.88,0
76.84,4.82,86.99,2.75,21,212.22,1
61.73,2.52,109.43,32.68,56,61.01,1
83.23,3.41,50.76,13.91,31,146.23,0
91.42,1.84,93.55,4.39,1,108.28,1
84.28,0.1,77.8,10.51,3,345.32,1
58.52,5.38,82.47,1.0,38,42.29,1
78.02,1.37,102.42,15.39,5,379.76,0
69.76,7.86,75.83,4.08,23,280.94,0
53.61,5.36,92.77,4.26,46,156.96,0
77.69,3.92,121.36,3.25,52,44.83,1
72.38,3.33,100.5,3.69,57,64.29,1
74.47,2.06,97.04,9.15,21,167.62,0
83.12,0.98,47.3,5.92,58,198.0,0
66.35,2.89,113.24,18.11,41,243.29,0
71.92,5.83,70.89,1.0,13,63.28,1
58.66,3.01,103.93,17.96,6,204.14,0
69.6,1.01,108.55,6.08,50,72.26,0
71.34,4.94,88.4,8.69,7,32.87,0
41.83,3.2,111.26,1.0,1,86.91,0
54.57,4.85,67.12,14.5,14,169.12,0
77.18,2.79,89.37,17.1,47,211.21,1
62.37,3.06,72.97,5.41,33,170.87,1
62.7,3.84,106.29,1.0,16,377.71,0
68.17,3.26,118.34,8.76,13,45.43,0
76.77,8.37,123.18,8.73,51,125.96,0
81.83,3.98,112.64,1.0,20,100.69,1
63.42,3.39,103.6,19.6,20,57.88,0
58.59,5.75,97.36,1.0,31,161.74,0
80.47,5.37,99.89,23.66,58,165.03,0
72.76,2.14,101.35,18.26,49,248.44,1
62.06,3.9,90.27,21.07,40,136.45,0
88.75,4.88,114.84,17.52,47,103.4,1
52.52,2.79,103.01,13.93,51,195.76,1
60.03,5.55,123.69,17.95,6,47.65,0
76.66,4.83,126.02,18.65,43,98.52,1
60.49,3.78,100.4,11.62,4,116.84,0
67.17,6.75,98.82,8.85,9,93.18,0
68.69,4.49,114.25,9.35,39,434.74,0
55.52,3.46,117.18,12.54,50,245.9,1
71.79,5.06,104.77,13.36,20,79.22,0
62.13,2.89,86.78,1.0,43,127.53,1
67.81,2.6,58.11,1.0,5,44.29,0
49.91,4.8,71.8,13.94,32,123.58,0
54.61,4.93,117.17,17.27,51,272.07,0
77.6,3.24,101.8,19.31,5,49.81,1
54.77,3.38,108.57,6.65,39,759.39,0
69.41,3.49,95.79,15.73,38,134.75,0
79.8,2.85,103.05,6.52,8,20.73,1
83.61,4.52,89.94,13.14,2,42.56,0
65.29,4.37,79.3,16.83,37,186.34,0
57.67,2.63,93.28,15.31,18,91.58,1
45.37,5.88,97.79,27.87,0,73.83,0
82.25,3.86,98.4,7.1,37,119.67,1
53.01,6.26,88.78,1.0,9,260.79,0
76.61,5.8,91.75,11.85,9,170.89,1
55.68,7.74,113.99,12.94,31,202.39,0
54.39,0.1,76.41,14.55,22,126.36,0
78.04,5.36,92.12,24.37,12,274.37,1
85.11,1.03,71.83,12.35,15,275.12,1
58.31,2.35,102.34,9.31,2,29.36,1
63.96,3.43,106.27,10.37,0,155.46,1
64.54,1.86,73.47,12.41,39,186.89,0
53.9,3.25,106.27,3.71,44,197.24,0
69.06,5.44,106.92,15.06,17,143.42,1
68.72,7.67,117.56,13.27,32,303.04,0
65.46,3.08,123.43,15.57,46,125.88,1
56.28,3.23,122.87,18.26,60,76.4,1
77.52,3.06,93.59,15.83,54,529.55,1
77.59,2.9,130.54,1.0,49,30.41,1
76.42,4.78,114.22,17.62,6,242.77,1
75.5,6.3,111.91,13.31,17,310.23,1
75.89,5.7,84.96,4.82,0,108.37,0
68.05,1.0,115.78,25.62,40,81.94,1
60.79,2.27,99.68,14.17,38,226.3,0
73.9,2.11,116.82,16.61,10,104.77,1
64.58,6.04,102.55,7.82,17,41.98,0
56.03,2.37,98.47,2.19,59,99.55,1
65.04,3.44,93.95,15.35,25,121.09,0
61.24,4.51,88.49,21.93,58,86.63,0
69.03,1.01,86.12,19.78,46,219.09,0
74.95,3.87,105.38,4.07,56,44.28,1
78.66,6.23,99.85,7.56,16,78.26,0
75.43,2.52,72.62,1.0,16,365.32,0
52.32,2.65,113.11,19.3,56,97.55,0
63.78,4.47,80.89,1.0,35,171.49,1
68.42,2.7,102.52,1.0,60,379.82,1
81.13,6.4,74.23,4.2,4,339.42,0
67.57,4.19,87.4,12.8,52,247.76,0
75.63,5.67,77.77,19.25,44,115.13,1
75.42,1.15,106.09,3.14,29,228.19,1
50.78,6.16,87.24,15.13,5,292.04,0
61.22,3.89,99.63,4.71,29,332.51,0
55.28,5.03,107.67,7.09,28,184.89,1
76.09,2.7,125.09,20.95,54,570.28,1
95.59,3.15,90.17,13.22,31,129.29,1
74.78,3.58,114.16,9.57,21,188.15,1
75.07,3.27,90.13,1.0,35,76.71,0
83.74,3.98,92.75,16.95,53,94.37,1
76.28,6.33,109.56,29.92,18,349.04,0
63.31,4.67,100.56,20.84,46,450.76,0
82.94,0.1,103.02,9.19,53,35.14,1
64.24,4.99,99.19,10.33,24,153.72,0
44.15,0.89,76.79,10.85,46,248.52,0
79.18,5.9,86.29,8.74,10,106.75,1
53.86,3.73,85.09,1.0,26,244.75,0
67.61,3.95,132.56,11.93,57,66.01,1
67.18,3.29,100.19,18.42,19,79.24,1
86.39,7.3,102.76,9.73,4,60.95,1
68.04,0.48,85.88,13.17,34,115.35,1
65.05,3.68,133.18,11.12,43,189.92,1
74.42,4.29,99.45,10.8,47,168.28,1
82.14,5.6,101.93,13.1,50,158.04,0
75.64,2.37,109.29,4.96,37,92.46,1
57.75,5.35,93.45,8.3,8,380.54,0
54.09,2.37,151.58,16.43,15,457.98,1
90.67,3.08,103.27,17.52,11,259.53,1
72.06,5.31,99.3,3.12,55,320.2,1
60.87,2.27,101.24,14.18,41,244.34,0
104.39,3.62,84.92,19.74,56,105.64,1
56.05,7.07,80.14,13.11,58,302.89,0
35.01,2.61,114.72,5.38,34,155.04,0
68.82,0.1,84.6,12.97,19,67.43,0
60.71,4.98,83.04,7.15,54,56.88,1
59.44,3.49,101.37,4.67,38,164.63,0
77.94,6.51,128.68,10.52,1,272.49,0
79.41,5.54,103.01,6.68,8,432.02,1
62.67,1.25,101.44,8.63,17,305.96,1
83.62,6.6,113.12,16.45,52,101.65,0
66.26,3.27,120.03,14.43,29,136.37,0
85.98,3.86,92.46,23.25,19,158.53,0
83.02,4.95,114.47,13.78,22,154.88,1
70.42,4.45,77.58,4.77,13,152.16,0
86.07,6.29,82.88,7.13,49,124.47,0
82.97,6.78,76.26,18.96,52,62.31,1
74.09,1.89,81.7,3.27,2,70.84,1
83.83,2.01,68.68,12.22,45,34.61,0
93.68,2.04,114.01,1.0,2,87.78,0
73.07,2.52,120.45,1.52,56,101.72,1
73.25,5.86,71.91,1.82,20,201.23,1
79.12,7.33,86.89,11.39,54,119.78,1
54.49,4.5,119.11,1.0,4,118.08,0
49.8,2.43,97.66,1.0,45,161.28,1
68.38,4.46,73.17,5.09,7,52.33,0
66.53,4.89,115.64,3.05,9,359.17,0
70.31,6.62,98.9,5.11,3,131.12,0
57.91,3.37,89.91,3.05,40,147.94,1
82.27,4.86,80.62,9.63,1,116.79,0
63.41,2.13,84.44,13.29,15,79.67,0
49.41,3.37,100.4,6.83,6,314.13,0
57.81,3.18,89.77,25.6,57,283.47,1
65.81,1.71,113.1,11.55,26,130.65,1
88.36,5.46,103.59,2.62,60,327.31,1
50.58,1.98,111.74,6.11,19,273.37,0
66.96,5.58,120.27,1.0,4,123.64,0
68.36,6.09,83.18,10.21,52,113.83,1
72.76,3.36,69.02,16.51,34,92.69,0
88.14,0.64,92.68,11.19,31,166.95,1
44.19,2.23,67.21,20.42,25,91.84,0
61.64,2.53,86.39,3.55,30,218.01,1
73.93,4.43,108.05,13.47,29,100.79,1
82.65,4.3,95.44,2.97,36,116.07,1
79.92,0.91,68.19,13.08,25,187.23,1
56.0,3.49,110.82,1.0,58,168.52,1
52.88,1.98,87.8,30.12,53,131.8,1
83.78,4.81,79.65,9.44,47,53.14,1
74.97,3.07,99.76,12.92,22,597.62,0
70.72,6.14,112.11,10.16,14,46.7,1
68.17,3.24,103.76,15.7,8,90.67,0
64.47,2.75,123.62,18.25,50,455.77,0
65.84,1.06,110.33,19.03,37,207.33,1
58.52,3.07,87.38,3.72,6,31.5,1
82.82,3.93,79.45,10.74,16,78.1,0
43.29,4.23,64.46,8.87,53,226.74,0
77.54,3.36,108.86,18.37,0,113.38,1
70.57,5.89,91.94,1.28,27,284.77,1
46.42,4.46,114.23,10.74,45,68.53,1
73.05,3.0,105.29,13.56,53,100.85,0
83.46,4.57,111.47,10.04,58,104.68,1
91.99,4.66,100.16,14.89,20,127.01,1
61.41,6.05,85.3,5.51,34,39.16,1
79.92,0.86,96.75,6.94,50,285.3,1
77.84,4.64,113.38,7.81,54,95.3,1
82.34,5.79,75.74,6.93,31,68.46,0
79.68,6.11,89.25,10.38,38,120.82,0
59.49,1.85,88.22,4.93,32,188.1,1
63.2,5.12,65.16,10.13,60,268.67,1
70.63,6.48,108.03,14.78,54,57.06,1
91.73,5.44,87.59,20.49,26,100.32,0
63.08,4.64,115.15,23.78,55,325.08,0
66.48,7.05,118.97,9.43,56,45.24,0
60.83,4.94,82.01,27.64,17,76.76,1
63.74,4.4,97.02,11.54,53,554.7,0
68.33,4.22,125.67,1.0,26,209.63,1
83.48,4.76,81.69,8.68,36,165.1,0
88.76,3.95,103.08,11.22,9,249.23,1
62.37,3.53,68.01,18.99,18,125.69,0
76.02,6.64,65.89,9.11,27,195.14,0
82.41,3.32,131.73,3.23,21,68.31,1
67.81,2.88,91.74,9.4,2,94.97,1
73.04,1.08,94.41,6.24,37,224.54,1
79.51,6.89,85.16,6.91,0,362.58,1
76.02,0.85,94.81,3.11,18,288.77,0
69.33,3.76,73.47,5.14,26,272.19,1
56.79,0.76,76.16,10.96,3,60.22,0
93.96,5.29,114.55,8.54,22,98.93,0
54.56,4.79,136.94,1.0,26,80.3,1
83.76,4.93,85.43,23.52,52,129.05,0
82.15,7.5,98.5,1.0,26,94.26,1
60.09,3.6,124.23,3.67,4,557.98,0
74.88,6.3,134.8,1.0,5,356.05,1
61.3,4.99,86.63,8.07,34,452.33,0
77.2,4.71,111.83,19.22,19,202.26,0
84.67,2.56,93.22,7.51,25,291.34,1
70.14,3.1,96.55,5.44,37,131.31,1
67.49,4.28,96.39,14.41,23,48.13,1
87.76,4.15,102.61,9.78,49,117.54,1
69.94,3.3,109.52,10.28,43,253.11,0
80.28,4.13,92.85,12.78,22,253.78,0
72.07,1.54,98.56,1.0,39,93.16,1
82.6,4.29,126.43,13.13,34,219.51,1
59.08,2.75,93.09,12.3,29,99.79,0
73.67,6.43,112.46,11.74,11,193.34,1
67.59,3.11,109.02,7.88,16,241.77,0
73.91,3.29,87.69,18.16,44,66.27,1
83.81,4.08,109.19,15.95,34,236.25,0
75.75,2.54,92.39,14.23,2,42.78,1
72.47,5.15,122.12,1.71,16,97.4,1
78.7,0.43,111.74,19.42,57,64.12,1
56.12,0.21,75.02,12.86,58,148.83,1
71.05,3.68,105.86,8.18,52,104.52,1
80.3,0.87,126.57,3.04,2,122.48,0
54.63,3.78,100.61,14.44,43,122.11,1
72.11,4.57,81.44,12.58,51,183.46,0
72.38,5.28,113.61,1.0,13,227.55,0
57.95,4.56,96.39,14.62,22,77.94,0
60.0,3.89,77.88,7.03,15,58.19,0
73.36,5.67,84.59,16.79,6,273.8,0
60.54,5.17,93.13,16.58,42,247.47,0
57.08,4.11,104.3,19.83,17,251.46,0
60.94,5.7,109.74,6.22,35,221.6,0
56.01,2.84,103.35,23.27,25,302.61,0
69.82,4.39,118.34,23.48,1,113.53,0
68.22,0.29,102.25,8.32,22,305.05,1
94.9,4.19,101.11,21.26,16,162.97,0
37.66,4.82,104.91,14.46,32,156.04,1
73.41,6.53,94.24,7.81,12,133.32,0
71.88,1.8,128.33,11.07,18,209.56,1
78.68,4.76,104.39,10.67,2,121.27,0
69.65,6.6,111.02,3.87,23,297.27,0
90.47,3.58,84.75,1.0,7,268.12,1
49.75,6.5,87.98,5.56,40,639.69,0
36.18,4.16,83.79,21.71,41,353.89,0
63.66,6.07,110.31,10.1,54,132.1,1
83.69,7.4,102.82,18.01,52,118.51,1
46.13,2.05,92.92,25.15,41,74.37,0
86.61,4.64,100.68,1.48,9,210.69,1
